4.13,4.04794,4.06732,4.01929,3.98174,3.95993,3.91546,3.87515,3.85632,3.81887,3.99735,3.97708,3.99701,4.03836,3.99007,4.01937,4.09683,4.01801,3.98265,4.00044,4.06255,4.14649,4.00688,4.07201,4.15248,4.20254,4.15206,4.19806,4.31261,4.19932,4.17321,4.18409,4.16046,4.11182,4.06805,3.95207,3.84349,3.82547,3.83369,3.86022,3.91614,3.93684,4.05941,4.00501,3.9969,4.03647,4.01136,3.98719,4.00301,4.009,3.97862,3.92145,3.90347,3.99767,4.03206,4.04023,4.00786,3.95695,3.92445,3.91086,3.92619,3.99006,3.99778,3.88709,3.8994,3.86599,3.83099,3.85488,3.81361,3.83104,3.80503,3.70937,3.66741,3.69459,3.64513,3.72018,3.65113,3.67193,3.68869,3.6939,3.73022,3.66162,3.61383,3.61144,3.60371,3.55839,3.56391,3.63759,3.63591,3.66618,
4.13,4.17495,4.20446,4.20347,4.16731,4.12316,4.05203,4.00449,3.85933,3.81047,3.7713,3.9385,3.95266,4.00051,4.02071,3.98401,3.96766,3.87202,3.77616,3.72359,3.66491,3.58618,3.59154,3.60478,3.43563,3.51639,3.48445,3.53531,3.57227,3.544,3.60288,3.69815,3.75875,3.74684,3.75645,3.79128,3.7886,3.89438,3.85025,3.85459,3.73567,3.70935,3.62915,3.65604,3.65951,3.5376,3.65539,3.60379,3.47609,3.42756,3.40641,3.48805,3.53152,3.56213,3.57109,3.58417,3.68305,3.65065,3.68272,3.65483,3.60438,3.54004,3.56087,3.57568,3.61817,3.62277,3.61256,3.64506,3.63066,3.616,3.66956,3.74499,3.67634,3.62614,3.58143,3.59851,3.52243,3.51318,3.58565,3.63491,3.67093,3.55505,3.53537,3.59317,3.70693,3.77024,3.86878,3.83967,3.83839,3.92332,
4.13,4.09883,4.03995,4.05049,4.09782,4.03426,4.0119,4.08028,4.11498,4.14404,4.2376,4.31714,4.29956,4.1229,4.10788,4.12786,4.13473,4.26036,4.21664,4.18801,4.1867,4.03496,3.99825,4.03204,3.97782,3.92628,3.89764,3.96871,4.00765,4.00539,3.93966,3.98472,3.93022,3.90859,3.90764,4.01341,3.96425,3.92822,3.8833,3.88976,3.78254,3.74928,3.69511,3.72142,3.75153,3.66336,3.6931,3.79845,3.65783,3.57857,3.56731,3.49863,3.42968,3.49588,3.39313,3.45445,3.50778,3.42525,3.44069,3.45718,3.52325,3.58412,3.67618,3.73317,3.83646,3.80146,3.74061,3.64063,3.65201,3.63179,3.61994,3.669,3.74893,3.75596,3.80528,3.87113,3.84928,3.77515,3.73904,3.74451,3.72237,3.84291,3.87093,3.88034,3.86678,3.83745,3.81926,3.89668,3.78407,3.80096,
4.13,4.06294,3.98673,4.06426,4.1059,4.02894,3.95164,4.0234,4.12613,4.16658,4.18505,4.18208,4.21309,4.26152,4.16709,4.10918,4.01073,4.01579,4.01576,3.94538,3.90119,4.01834,4.08221,4.15398,4.15209,4.06301,4.10744,4.13416,4.19475,4.08245,4.10805,4.14348,4.23819,4.19898,4.22653,4.22138,4.17903,4.17439,4.15516,4.19071,4.17884,4.14309,4.08885,4.00718,3.91113,3.96565,3.95558,3.94471,3.84838,3.86087,3.81416,3.84137,3.95353,3.98926,4.07457,4.03907,4.07301,4.05434,3.95924,3.97164,3.97264,3.97561,3.92955,3.88654,3.89065,3.84764,3.64366,3.69919,3.71805,3.75139,3.81645,3.8021,3.84539,3.78417,3.72993,3.72687,3.69227,3.74537,3.75043,3.69898,3.6957,3.71739,3.76134,3.66176,3.61137,3.63369,3.53226,3.61091,3.54061,3.54083,
4.13,4.13744,4.13863,4.04752,4.00172,3.84894,3.92745,3.95065,3.91408,3.90078,3.87621,3.90957,3.83325,3.81347,3.88606,3.8253,3.84378,3.86914,3.95035,4.00777,3.98112,3.94262,3.90326,3.8958,3.84834,3.86115,3.8815,3.87557,3.83342,3.80621,3.75562,3.78825,3.72501,3.73782,3.8073,3.79225,3.83344,3.83157,3.85696,3.88003,3.8124,3.77544,3.76362,3.75704,3.74748,3.72842,3.78963,3.7897,3.74319,3.81452,3.91619,3.95484,3.98029,3.9996,4.03017,4.09324,4.04194,4.1538,4.17862,4.30891,4.2375,4.25463,4.21469,4.1193,4.18316,4.18066,4.26101,4.17469,4.1137,4.11806,4.10893,4.18445,4.19413,4.1595,4.08404,4.19814,4.235,4.3587,4.42007,4.47905,4.4017,4.34373,4.34009,4.34161,4.25491,4.18813,4.19268,4.09721,4.10372,4.13692,
4.13,4.25205,4.21652,4.14553,4.18306,4.1228,3.95319,3.94229,3.89292,3.95817,3.947,4.01635,3.88975,3.79993,3.87112,3.76967,3.64466,3.65693,3.69296,3.65944,3.69127,3.72674,3.71734,3.7444,3.70912,3.67631,3.75793,3.73278,3.77509,3.81168,3.72603,3.72203,3.69007,3.72238,3.80957,3.73918,3.72598,3.71282,3.76507,3.88632,3.86121,3.92467,3.87737,3.9713,4.0416,4.1083,4.09321,4.16977,4.22462,4.2589,4.19682,4.18411,4.08659,4.00191,4.01832,3.9997,3.98924,3.94849,3.91298,3.87785,3.80154,3.71731,3.71138,3.64239,3.63689,3.51414,3.60162,3.59775,3.59509,3.6527,3.66277,3.64699,3.61919,3.6185,3.59941,3.50624,3.50102,3.41039,3.31115,3.31136,3.29845,3.35725,3.35196,3.31821,3.2618,3.20687,3.2321,3.20679,3.17184,3.25653,
4.13,4.04541,4.09989,4.0913,3.91413,4.05206,4.00697,4.03083,4.07431,4.16774,4.14449,4.17762,4.16188,4.09097,4.08256,4.04339,4.07546,4.02788,4.07292,4.03155,4.09277,4.08834,4.03597,4.12053,4.17834,4.17918,4.11105,4.06036,3.95294,4.05461,4.14091,4.16948,4.25465,4.29329,4.17827,4.13977,4.09189,3.99622,3.98023,3.9911,3.99507,4.0221,4.05738,3.94339,3.99862,3.96839,3.96261,3.86658,3.86274,3.7949,3.85021,3.9468,3.92029,3.88839,3.87061,3.71159,3.7785,3.73151,3.81532,3.75092,3.70039,3.71797,3.6923,3.60934,3.60436,3.59909,3.68318,3.72727,3.79756,3.78364,3.76341,3.86382,3.78768,3.79332,3.72975,3.72237,3.79719,3.74574,3.80486,3.83376,3.82479,3.7735,3.74481,3.72087,3.74499,3.66824,3.65767,3.64462,3.58697,3.59466,
4.13,4.2087,4.13664,4.09871,4.02517,3.97975,3.98044,3.96885,3.97236,3.90988,3.8827,3.94065,3.98069,4.00052,4.01958,3.89617,3.9025,3.89906,3.97835,4.03208,4.11175,4.06208,4.05164,3.98909,3.91984,3.98156,3.94803,3.86868,3.8105,3.63014,3.62738,3.57097,3.61638,3.66322,3.65638,3.74119,3.78696,3.82888,3.84088,3.83409,3.77278,3.73099,3.80849,3.768,3.80909,3.77217,3.75503,3.80188,3.97225,4.02012,4.03183,3.94976,3.94088,3.89463,3.83555,3.93192,3.92426,3.88554,3.76266,3.6908,3.7202,3.68574,3.72061,3.83654,3.84703,3.9009,3.98091,4.09519,4.12658,4.18444,4.1843,4.11486,4.10278,4.131,4.07854,4.03892,3.96415,3.91746,3.88919,3.89931,3.78593,3.61529,3.63171,3.67874,3.65939,3.54135,3.4683,3.38467,3.43675,3.37772,
4.13,4.11696,4.09398,4.1079,4.11792,4.06487,4.14703,4.08118,4.17171,4.15148,4.23624,4.2424,4.29208,4.26857,4.17155,4.19983,4.16829,4.23629,4.25375,4.28476,4.27439,4.21225,4.15589,4.12758,4.0048,4.0058,3.97331,4.01267,3.87911,3.83916,3.79701,3.87539,3.89889,3.95561,4.01078,3.98022,4.00334,4.01289,4.03055,4.0876,4.05789,4.2599,4.20375,4.27314,4.26187,4.25,4.35543,4.34578,4.30125,4.29716,4.36493,4.39084,4.46224,4.47436,4.52763,4.57389,4.57394,4.5838,4.59398,4.59883,4.66303,4.66219,4.65946,4.6643,4.61959,4.61881,4.62187,4.61916,4.59324,4.53342,4.4277,4.4939,4.46005,4.55723,4.62657,4.60934,4.49558,4.55311,4.60752,4.55925,4.54619,4.6086,4.55388,4.47443,4.47386,4.51446,4.51726,4.50399,4.40663,4.38674,
4.13,4.07225,4.1443,4.17468,4.03605,3.99016,3.94529,4.02941,4.04484,4.02898,4.00341,4.03416,3.88009,3.86011,3.88329,3.91975,3.93647,4.01279,3.94423,3.92272,4.06881,3.94657,3.87391,3.89296,3.84865,3.93914,3.9256,4.00159,4.05167,4.00961,4.04565,3.98806,4.00132,3.9498,3.9869,3.89796,3.92289,3.82885,3.89777,3.73042,3.7648,3.60775,3.67915,3.5661,3.51051,3.48105,3.5577,3.51445,3.65455,3.74684,3.67378,3.72519,3.85052,3.8308,4.02817,4.14465,4.08648,4.07626,3.97679,4.03813,4.00783,4.07758,4.08556,4.24749,4.16461,4.12937,4.12537,4.14774,4.21384,4.24976,4.26221,4.21448,4.17562,4.20512,4.17501,4.15613,4.0728,4.01944,4.0817,4.17963,4.25941,4.2002,4.22724,4.25892,4.31802,4.34328,4.31206,4.43766,4.51837,4.43972,
4.13,4.0907,4.05891,4.0839,4.06805,4.00506,3.95084,3.97644,3.92002,4.04001,3.95491,3.97179,3.94026,4.00228,4.00253,4.08736,4.20003,4.12004,4.1517,4.12056,4.21919,4.22273,4.24012,4.39269,4.38954,4.43176,4.54734,4.57327,4.60133,4.60081,4.57801,4.60102,4.49688,4.43636,4.39581,4.33716,4.34717,4.33153,4.28121,4.32925,4.29868,4.4074,4.28149,4.1972,4.16809,4.2329,4.23566,4.30182,4.30726,4.29253,4.37057,4.45087,4.36123,4.44007,4.33463,4.20333,4.39335,4.21242,4.25498,4.32586,4.2611,4.24856,4.19666,4.11537,4.1505,4.12396,4.11303,4.15813,4.16784,4.13699,4.15328,4.22057,4.19592,4.31126,4.31948,4.32581,4.34976,4.28062,4.2817,4.30923,4.29673,4.23971,4.20529,4.22263,4.23928,4.10427,4.13843,4.19026,4.33008,4.35502,
4.13,4.0797,3.9917,4.069,4.02365,4.04185,4.03567,4.12705,4.05525,3.92549,3.93128,3.99125,3.984,3.9732,4.04602,4.15882,4.10287,4.11899,4.10704,4.14834,4.22847,4.3061,4.22017,4.10553,4.1207,4.12084,4.19445,4.2484,4.22999,4.13429,4.08855,4.10535,4.22058,4.2158,4.21356,4.13232,4.01751,4.04518,3.96337,4.02336,3.96888,3.95287,4.00651,4.0802,4.07069,4.09634,4.18085,4.18943,4.29042,4.37459,4.39768,4.37364,4.44125,4.47301,4.48843,4.4619,4.46501,4.55389,4.58838,4.72644,4.68416,4.7099,4.70338,4.70044,4.67639,4.66763,4.68362,4.6292,4.5815,4.54735,4.54126,4.58468,4.59637,4.61797,4.68946,4.64344,4.59652,4.53138,4.5376,4.45324,4.46129,4.4537,4.44977,4.48321,4.41296,4.39232,4.4674,4.52109,4.52327,4.5733,
4.13,4.08454,4.11671,4.13446,4.16105,4.24034,4.27634,4.40401,4.38297,4.41943,4.36662,4.32943,4.45241,4.60203,4.68703,4.61031,4.6428,4.66672,4.77481,4.83795,4.76485,4.78977,4.81808,4.81209,4.80568,4.76736,4.83049,4.74388,4.65897,4.56755,4.49695,4.38797,4.46209,4.61059,4.57913,4.70206,4.60166,4.51308,4.50372,4.46064,4.444,4.44113,4.66036,4.65166,4.62404,4.57804,4.65742,4.58117,4.51898,4.34711,4.24828,4.2261,4.27237,4.18539,4.30777,4.27064,4.2055,4.33761,4.30349,4.26992,4.3673,4.40899,4.47469,4.51102,4.42707,4.4636,4.4233,4.41653,4.3294,4.33157,4.255,4.21131,4.15814,4.09242,4.14371,4.23127,4.23837,4.35489,4.31991,4.38755,4.40847,4.37842,4.17919,4.18521,4.11526,3.94509,3.95154,4.00655,3.99714,4.03772,
4.13,4.13782,4.04165,4.10184,4.01148,4.04664,4.00802,4.00269,3.9606,4.02494,4.0524,4.12765,4.19742,4.12107,3.99268,3.82522,3.87411,4.03958,4.14073,4.07359,4.05413,4.06335,4.10992,4.21785,4.18947,4.22799,4.29787,4.21133,4.27632,4.28664,4.22146,4.18433,4.1815,4.18167,4.34366,4.43,4.44098,4.48253,4.41595,4.45964,4.39992,4.33323,4.40301,4.35424,4.39545,4.37029,4.32101,4.26147,4.23947,4.19616,4.15483,4.05864,3.9591,3.92754,3.94873,3.93953,3.93023,3.95781,3.98805,3.94165,3.96077,3.9382,4.01425,3.91591,3.95555,3.97598,4.00016,4.06892,3.99007,4.00815,4.01807,4.10605,4.08441,4.10943,4.06831,4.08146,4.06438,4.11426,4.04205,4.07764,4.04253,4.1211,4.21773,4.19996,4.18443,4.25997,4.26291,4.24103,4.36026,4.43564,
4.13,4.06674,4.00492,3.98961,4.06745,4.1443,4.18539,4.19343,4.20968,4.19346,4.07958,4.01863,4.00424,4.03424,4.08922,4.04311,4.04205,4.14145,4.08408,4.08484,4.1258,4.15878,4.14155,4.11792,4.0872,4.10129,4.0777,4.08316,4.09056,4.18209,4.16446,4.18159,4.24489,4.22571,4.34618,4.33428,4.38199,4.33467,4.33211,4.21321,4.32853,4.27714,4.3115,4.29923,4.23821,4.1973,4.21705,4.13652,4.08518,4.04551,3.9782,3.95059,4.00085,3.99258,3.91829,3.93797,3.87593,3.83578,3.76373,3.7611,3.80519,3.80535,3.9426,3.90003,3.83768,3.99755,3.99048,3.84657,3.82843,3.7627,3.72109,3.78971,3.83575,3.77643,3.75829,3.83329,3.88656,3.8985,3.90606,4.01333,3.93667,3.96382,3.98012,3.97317,3.90613,3.86301,3.83754,3.74992,3.79067,3.75453,
4.13,4.02522,3.94453,3.87453,3.79701,3.74904,3.64013,3.59321,3.63631,3.60337,3.5175,3.46292,3.34698,3.38938,3.34018,3.40411,3.40229,3.42433,3.47166,3.40308,3.32089,3.31477,3.31182,3.21864,3.15865,3.12555,3.10011,3.1337,3.19698,3.23861,3.3169,3.33407,3.3157,3.3769,3.43498,3.40126,3.29476,3.24391,3.22289,3.28089,3.23668,3.27185,3.16442,3.05801,3.0317,3.03815,2.97277,2.9477,2.87014,2.86769,2.83583,2.89961,2.8179,2.85427,2.87066,2.90195,2.887,2.89679,2.94354,2.97684,2.86782,2.87472,2.97179,2.97219,3.01946,3.00701,3.01372,3.05547,3.08341,3.16731,3.16503,3.19447,3.20114,3.15614,3.13454,3.11351,3.0235,3.01701,3.05875,3.06179,2.98539,2.98705,3.00316,3.04553,3.08181,2.97143,3.02534,2.99578,3.00619,2.97102,
4.13,4.09871,4.22613,4.21578,4.26645,4.25932,4.2781,4.18421,4.22868,4.31113,4.2315,4.26056,4.15059,4.28429,4.37457,4.42131,4.33047,4.20809,4.17485,4.19063,4.19494,4.14303,4.12532,4.21085,4.22397,4.29719,4.28177,4.14672,4.11234,4.06571,3.99062,4.02593,3.93255,3.79393,3.72341,3.80787,3.83042,3.75705,3.81592,3.82078,3.84426,3.82987,3.72259,3.71389,3.82988,3.8561,3.83614,3.72435,3.72064,3.77927,3.63355,3.58365,3.47667,3.33575,3.27515,3.27446,3.33981,3.22742,3.16758,3.26199,3.25839,3.36704,3.32097,3.31214,3.28215,3.2115,3.09668,3.11299,3.11099,3.22601,3.1985,3.15624,3.13242,3.07047,3.07467,3.04571,3.06053,3.08407,2.99981,3.0614,3.08806,3.05513,3.04336,3.0092,3.10656,3.10627,3.03031,3.11731,3.10881,3.08075,
4.13,4.12627,4.18641,4.25252,4.24081,4.4468,4.43907,4.49237,4.53035,4.36955,4.32087,4.2012,4.14117,4.05153,4.02405,3.89533,3.90671,3.83305,3.84454,3.78501,3.84365,3.8153,3.79694,3.76203,3.73626,3.69975,3.69067,3.64556,3.46633,3.58411,3.50281,3.359,3.37551,3.38023,3.33431,3.41279,3.40543,3.4102,3.49744,3.44409,3.471,3.54075,3.51634,3.47226,3.5268,3.51448,3.62251,3.59749,3.60473,3.60322,3.595,3.71868,3.76357,3.81406,3.91826,3.89755,4.00921,3.9352,3.95386,3.87614,3.9129,3.86013,3.8555,3.84988,3.80236,3.91099,3.86246,3.80961,3.91365,3.92141,3.93817,4.05187,4.02971,4.01606,4.20633,4.15407,4.15329,4.17635,4.32929,4.37077,4.20055,4.11827,4.0867,4.10527,4.21688,4.20994,4.21021,4.09938,4.17194,4.15821,
4.13,4.09766,4.07004,4.05832,4.02174,4.06944,4.03901,3.95995,3.94401,4.01612,4.02427,4.05618,3.97153,3.92785,3.95729,3.92481,3.95993,3.95051,3.98163,3.99854,4.05507,3.9528,3.92125,3.92481,3.97368,4.00415,3.93336,4.0121,4.03724,3.98552,4.04087,4.02183,4.12475,4.06867,4.04817,4.05353,4.08676,4.0493,4.14849,4.22016,4.23443,4.31152,4.37559,4.36874,4.47123,4.48095,4.45688,4.42047,4.35413,4.27771,4.34029,4.25804,4.31049,4.18663,4.16077,4.22258,4.29708,4.37423,4.32779,4.27533,4.28097,4.42845,4.39426,4.38605,4.42977,4.46479,4.53346,4.41525,4.35919,4.25953,4.36491,4.3316,4.22861,4.23016,4.28529,4.29746,4.20086,4.27486,4.28456,4.24695,4.22054,4.18129,4.27004,4.18763,4.26537,4.21223,4.15727,4.19088,4.07882,4.01368,
4.13,4.1262,4.19646,4.15568,4.03441,3.94671,3.98844,3.99307,3.97518,4.04535,4.06257,4.0422,4.16465,4.12689,4.0567,4.10658,4.06789,4.06339,4.17981,4.25459,4.35231,4.33501,4.29878,4.35087,4.36133,4.26177,4.21518,4.14845,4.15964,4.20719,4.24317,4.19451,4.18004,4.0797,4.10755,4.06197,4.04621,3.94087,3.8411,3.71675,3.70176,3.8219,3.79671,3.84949,3.89484,3.77267,3.77624,3.80807,3.88042,3.90523,4.02374,4.01112,4.05904,3.99969,4.13808,4.20451,4.12914,4.20366,4.2785,4.3599,4.26603,4.25949,4.27482,4.36618,4.31951,4.42906,4.53652,4.52777,4.45831,4.48099,4.42647,4.29593,4.36608,4.45638,4.39696,4.39211,4.33489,4.48917,4.35908,4.33301,4.38188,4.3,4.22492,4.18784,4.08039,3.99397,3.93102,3.9607,3.85698,3.83793,
4.13,4.17855,4.12504,4.01169,4.06763,4.13041,4.09076,4.12433,4.13706,4.08475,4.25491,4.12465,4.141,4.13622,4.20516,4.07641,3.97113,3.97441,3.92361,3.85438,3.87338,3.89905,3.88293,3.92255,3.90136,3.80081,3.84573,3.79415,3.79748,3.87174,3.93979,4.13196,4.19194,4.25704,4.31037,4.44899,4.50117,4.51034,4.47116,4.52123,4.55734,4.47224,4.4337,4.36098,4.45058,4.45711,4.55541,4.56447,4.51979,4.58831,4.53774,4.55688,4.64583,4.77398,4.70188,4.66719,4.71309,4.7828,4.72534,4.56099,4.5434,4.48483,4.4913,4.40217,4.31713,4.27406,4.26408,4.24761,4.16142,4.13561,4.06973,4.10793,4.10114,4.02396,3.98506,3.9143,3.85125,3.89276,3.87087,3.90277,3.92866,3.94385,3.87969,3.84409,3.94636,3.86276,3.78968,3.89296,3.86928,3.87953,
4.13,4.12585,4.11536,4.09378,4.08948,4.11933,4.1153,4.12925,4.07926,4.11383,4.21448,4.13598,4.09236,4.06678,4.00214,4.11999,4.14508,4.21039,4.22805,4.26764,4.24651,4.2154,4.18799,4.05354,3.86954,3.91238,3.92307,3.95417,3.95867,3.94206,3.94315,3.97781,3.99781,4.00205,4.08474,4.24196,4.23666,4.27584,4.21198,4.23226,4.31297,4.32134,4.40576,4.58376,4.47865,4.57796,4.61228,4.49791,4.46278,4.43631,4.42939,4.44544,4.3716,4.29586,4.22595,4.21298,4.30239,4.32065,4.30933,4.33411,4.26886,4.32963,4.35776,4.33078,4.40108,4.43909,4.41735,4.38326,4.36978,4.40667,4.42206,4.42455,4.36589,4.33542,4.362,4.29161,4.33932,4.33455,4.24627,4.33446,4.36192,4.38748,4.29298,4.32522,4.31288,4.24837,4.24035,4.28185,4.2945,4.3946,
4.13,4.20509,4.17973,4.27048,4.24778,4.15607,4.02283,4.17973,4.21196,4.26305,4.22075,4.14038,4.12133,4.16256,4.23714,4.30987,4.28552,4.30377,4.38871,4.43456,4.35826,4.36211,4.45284,4.50746,4.3997,4.25537,4.21895,4.09715,4.01484,3.96887,3.92924,3.9515,3.98919,4.07303,4.09872,4.15818,4.17122,4.22632,4.2196,4.17582,4.15209,4.02675,4.16712,4.16682,4.2588,4.2177,4.26469,4.16442,4.06857,4.09616,4.01742,3.97721,3.88599,3.93273,3.95757,3.88445,3.94664,3.90248,3.82975,3.85379,3.80052,3.79575,3.79043,3.79636,3.7744,3.66531,3.74109,3.77613,3.75133,3.72567,3.77834,3.76454,3.82391,3.7948,3.84917,3.85306,3.83051,3.80626,3.89899,3.8648,3.84336,3.80039,3.83018,3.93228,4.01612,3.98873,3.93531,3.98625,4.02318,4.03575,
4.13,4.20441,4.16154,4.19894,4.16807,4.32738,4.3196,4.35789,4.3741,4.55698,4.54042,4.38843,4.38349,4.4512,4.39473,4.31467,4.35229,4.31007,4.38104,4.35685,4.20515,4.33703,4.29753,4.23326,4.31845,4.38121,4.45997,4.49489,4.37923,4.37976,4.36216,4.35758,4.25855,4.20793,4.27814,4.22988,4.22033,4.22823,4.19911,4.12505,4.02388,3.92284,3.92434,3.92943,3.88479,3.89237,3.82978,3.81513,3.70289,3.68525,3.82474,3.79275,3.89173,3.95617,3.89534,3.88746,3.89657,3.96398,4.03087,4.09989,4.2356,4.23949,4.18905,4.17914,4.13658,4.11026,4.08036,4.08704,3.99826,4.08268,4.10003,4.00071,3.96777,3.90944,3.84046,3.80843,3.82679,3.8734,3.9659,4.0436,3.95397,3.99523,4.08835,4.10123,3.99795,4.03787,4.01654,4.03532,4.01117,4.05897,
4.13,4.08201,4.14333,4.16491,4.23431,4.2426,4.26585,4.25666,4.31246,4.36619,4.38032,4.40537,4.41341,4.47236,4.55055,4.50564,4.51761,4.54014,4.47504,4.46842,4.45724,4.4615,4.4579,4.38907,4.43591,4.54266,4.51448,4.49728,4.45412,4.4351,4.43055,4.3731,4.38476,4.46594,4.44692,4.52578,4.56104,4.67626,4.69515,4.71392,4.76864,4.77699,4.78659,4.69592,4.58271,4.60162,4.69203,4.70719,4.61771,4.68004,4.75406,4.87044,4.96218,4.90176,4.90979,4.93685,4.9547,4.94136,4.90791,4.99516,4.87708,4.80583,4.84306,4.77262,4.71838,4.67571,4.62306,4.71234,4.67517,4.74005,4.71265,4.75765,4.64897,4.66525,4.64808,4.6633,4.5146,4.4227,4.36878,4.39837,4.40337,4.32626,4.46079,4.66531,4.6544,4.67041,4.65202,4.66527,4.66828,4.5494,
4.13,4.22208,4.10064,4.13316,4.09456,4.02385,3.94415,4.02339,4.04592,4.03602,4.01674,3.9994,3.90916,3.81286,3.70043,3.7038,3.76133,3.82276,3.8653,3.99073,3.99383,3.9581,3.88663,3.79993,3.85598,3.85952,3.83669,3.7575,3.73657,3.71757,3.73423,3.70325,3.65216,3.75467,3.81769,3.76435,3.72095,3.69119,3.63757,3.64354,3.70943,3.68377,3.61727,3.61799,3.67417,3.56476,3.49623,3.62466,3.62166,3.62412,3.59207,3.61958,3.51394,3.45977,3.44846,3.42803,3.41286,3.50156,3.42642,3.35595,3.4431,3.43085,3.48842,3.36651,3.39769,3.34512,3.40966,3.41684,3.42353,3.3982,3.49114,3.40706,3.43793,3.42636,3.4901,3.54611,3.61271,3.57686,3.63121,3.71745,3.76101,3.79366,3.85484,3.8457,3.74336,3.89092,3.75649,3.66377,3.65582,3.68657,
4.13,4.12515,4.16386,4.24179,4.26897,4.08676,4.04538,4.12198,4.10133,4.05483,4.06429,4.10405,4.0791,3.97385,3.89142,3.77385,3.69152,3.73562,3.74252,3.68147,3.79566,3.73853,3.74068,3.78618,3.95617,3.8672,3.85807,3.84856,3.79796,3.79276,3.77963,3.75783,3.75616,3.75733,3.84418,3.861,3.76791,3.76185,3.82852,3.8444,3.85188,3.88673,3.79567,3.75191,3.79035,3.79847,3.86572,3.95985,3.91892,3.91237,3.81688,3.81009,3.85563,3.89339,3.91442,3.81689,3.79114,3.80123,3.8658,3.85626,3.8558,3.84554,3.91206,3.90995,3.77758,3.78119,3.81834,3.82243,3.87644,3.87104,3.86577,3.84138,3.91388,3.84136,3.84897,3.82476,3.82397,3.76436,3.65278,3.61754,3.57297,3.57197,3.60868,3.6445,3.61637,3.5683,3.59587,3.52743,3.55873,3.60813,
4.13,4.12645,4.17276,4.20819,4.22529,4.28162,4.26002,4.2182,4.20335,4.19378,4.19839,4.18112,4.13101,4.04796,4.06163,4.03375,4.02452,4.02235,4.06371,4.06714,4.13773,4.07097,4.02063,4.14331,4.15391,4.10876,4.09285,4.05693,3.9858,4.01811,3.99822,4.04711,4.01059,4.01039,3.95686,3.94435,4.01993,4.0455,4.24249,4.13415,4.14743,4.11027,4.04773,3.98446,3.98503,4.11987,4.16526,4.10599,4.10888,3.94721,3.89098,3.86352,3.69659,3.68476,3.65659,3.64081,3.58806,3.61184,3.60752,3.60665,3.69681,3.70098,3.73334,3.71102,3.68836,3.72532,3.80749,3.77466,3.72444,3.78294,3.79455,3.76072,3.65319,3.65658,3.66455,3.58357,3.53092,3.50044,3.47551,3.4414,3.38372,3.45257,3.4605,3.43482,3.43959,3.4388,3.47141,3.54406,3.58358,3.55453,
4.13,4.03063,3.97282,3.93676,3.88851,3.95247,3.85605,3.93591,4.00445,4.02119,3.9953,4.00128,4.10792,4.19395,4.10895,4.01476,4.04781,4.09556,4.021,3.91696,3.94456,3.97605,4.10001,4.14525,4.1709,4.12301,4.06302,4.1997,4.24666,4.2203,4.34506,4.37627,4.28179,4.33975,4.29148,4.3231,4.41912,4.33999,4.28781,4.30478,4.34543,4.17987,4.21651,4.15251,4.12132,4.11426,4.13632,4.0694,4.22581,4.1489,4.06526,4.02989,3.99699,4.07925,4.14726,4.19348,4.19327,4.09423,4.10491,4.07233,4.0351,3.96595,3.88811,3.84028,3.87728,3.8387,3.82611,3.83478,3.905,3.95234,4.04486,4.05654,3.94821,3.9614,3.94349,3.871,3.7865,3.80328,3.90121,3.91194,3.93319,3.81396,3.77464,3.72844,3.81134,3.82402,3.87037,3.79406,3.80425,3.83704,
4.13,4.09119,4.00243,3.96217,4.07361,4.04201,3.98654,4.04987,4.12011,4.1314,4.14977,4.11327,4.126,4.21195,4.1736,4.25124,4.23507,4.35097,4.30601,4.27523,4.18541,4.10965,3.97557,3.91463,3.88199,3.82969,3.90822,3.86628,3.99192,3.94454,4.03966,4.07173,4.00729,3.93856,4.01531,4.08984,3.97259,3.98715,4.03977,3.94875,3.97433,4.03205,4.01401,3.99627,4.0114,4.08209,4.06613,4.00037,4.0437,3.98192,3.94933,4.02894,4.0171,4.02553,3.97271,3.9914,4.00511,3.95208,3.96335,4.0163,3.9603,3.9904,3.97937,3.9779,3.90145,3.92889,3.85912,3.92654,3.92189,3.96701,3.96452,4.00612,3.9198,3.96618,3.95582,3.99856,4.0369,4.0331,4.08053,4.07128,4.11169,4.10656,4.11487,4.07883,4.08831,4.02272,4.02239,3.9896,3.99132,3.98792,
4.13,4.17237,4.18789,4.24823,4.32959,4.3606,4.36314,4.33549,4.3556,4.39108,4.42748,4.39795,4.37353,4.38006,4.51365,4.35263,4.2676,4.24948,4.25205,4.34353,4.40231,4.31614,4.35105,4.40306,4.34921,4.31727,4.28817,4.34193,4.29502,4.29581,4.29874,4.26536,4.20127,4.13283,4.11424,4.17445,4.2275,4.3099,4.35366,4.47325,4.44212,4.44084,4.45797,4.54136,4.44258,4.36383,4.28443,4.213,4.32007,4.34889,4.24923,4.17694,4.18162,4.2304,4.13185,4.10397,4.01175,4.0254,3.99429,3.9113,3.98725,4.04007,4.06482,4.00176,4.10576,4.07841,4.17148,4.15754,4.21944,4.32836,4.45484,4.33234,4.33546,4.3565,4.32212,4.33176,4.33918,4.22101,4.23561,4.25756,4.24221,4.29484,4.28343,4.28462,4.29376,4.21126,4.30325,4.21833,4.26442,4.36926,
4.13,4.13652,4.10719,4.10094,4.02241,4.00953,3.98571,3.97849,4.06683,4.06618,4.12739,4.04488,3.9307,3.88205,3.8304,3.81958,3.85063,3.93434,3.96616,4.00419,3.99038,3.85648,3.91186,3.87212,3.86899,3.8666,3.81072,3.82268,3.9145,3.89069,3.95313,3.97297,3.99912,3.94743,3.92017,3.91616,3.92982,3.91304,3.84016,3.85026,3.88062,3.83243,3.90172,3.99536,3.99272,3.99727,4.06054,4.10232,3.96181,3.91424,3.8694,3.81536,3.81999,3.89805,3.89065,3.91511,3.93424,3.86413,3.94456,3.93788,3.8224,3.77765,3.79721,3.76394,3.76885,3.86034,3.77966,3.71939,3.76627,3.87293,3.77297,3.78863,3.87159,3.81969,3.89699,3.94106,3.90559,3.94776,3.83199,3.85025,3.90088,3.84238,3.82221,3.84127,3.81468,3.80986,3.83697,3.80611,3.79111,3.73581,
4.13,4.13702,4.11572,4.11859,4.13852,4.18486,4.11702,4.11215,4.17105,4.177,4.24227,4.1065,4.15987,4.16604,4.111,4.14107,4.20896,4.21593,4.16941,4.14769,4.01126,3.98711,4.04112,4.09028,4.08071,4.04074,3.93997,3.93099,3.90804,3.91661,3.95803,3.92544,3.89411,3.88201,3.84559,3.70785,3.63352,3.56205,3.53206,3.43498,3.47467,3.47696,3.51115,3.39082,3.39697,3.46014,3.44777,3.49215,3.4767,3.49511,3.50699,3.49536,3.57461,3.61977,3.63961,3.60958,3.59922,3.6037,3.60047,3.55968,3.5821,3.66293,3.62918,3.57776,3.6182,3.61257,3.66985,3.65056,3.66332,3.62618,3.60626,3.66835,3.63642,3.54814,3.57973,3.57192,3.60171,3.59804,3.49314,3.49257,3.49073,3.49634,3.46441,3.47517,3.45016,3.45831,3.49571,3.4914,3.41241,3.35698,
4.13,4.02709,4.05024,4.07381,4.03179,4.00884,4.1114,4.10396,4.05995,4.00039,4.01831,4.00569,4.04791,4.04927,4.05761,4.05201,4.13283,4.03668,3.93208,3.87859,3.88875,3.82371,3.83484,3.74433,3.74048,3.7122,3.56323,3.51846,3.48333,3.38041,3.4434,3.49951,3.39749,3.48431,3.47838,3.50476,3.40701,3.46334,3.50838,3.44337,3.4622,3.50514,3.57531,3.50686,3.55081,3.56487,3.55463,3.50367,3.48285,3.49829,3.45274,3.42341,3.47307,3.43965,3.40259,3.51014,3.52591,3.50749,3.57316,3.48655,3.48561,3.54585,3.64122,3.59128,3.56844,3.59191,3.61319,3.57348,3.66528,3.69821,3.61544,3.61327,3.61325,3.59394,3.56765,3.59397,3.63131,3.59496,3.59467,3.54822,3.63071,3.53595,3.4458,3.33013,3.41715,3.40788,3.3439,3.38579,3.34213,3.31772,
4.13,4.04681,3.97279,3.9579,3.91241,3.92781,4.03299,3.98928,3.99954,3.9606,3.9802,3.99666,4.09656,4.08608,4.04826,3.99688,4.06777,4.10928,4.07515,4.00553,4.03315,4.03229,3.96345,3.92689,3.92242,3.87262,3.86515,3.9505,3.8599,3.88366,3.96472,3.96825,3.94851,4.00316,3.94822,3.88523,3.93237,3.91143,3.82017,3.88445,3.82101,3.85761,3.88952,3.89044,3.87285,3.87351,3.81248,3.87561,3.81649,3.74867,3.76412,3.85616,3.80323,3.86668,3.90445,3.90799,3.97535,3.924,3.8736,3.80706,3.78077,3.80826,3.79643,3.86796,3.89739,3.88569,3.8877,3.82299,3.82594,3.82365,3.92965,3.88051,3.8389,3.80341,3.78744,3.774,3.77941,3.79452,3.7799,3.71602,3.7672,3.77913,3.85397,3.76042,3.68814,3.60152,3.54362,3.58476,3.56774,3.46977,
4.13,3.92635,4.01047,4.03974,4.11789,4.21699,4.10762,4.0857,4.05841,4.09894,4.12579,4.18876,4.28127,4.28013,4.20857,4.22561,4.20389,4.16761,4.14033,4.02932,4.02836,4.07612,4.10417,4.12698,4.21363,4.15694,4.07267,4.21416,4.27695,4.25691,4.27205,4.22018,4.30176,4.27014,4.25412,4.26767,4.29946,4.38615,4.36328,4.41803,4.33046,4.25596,4.09711,4.13234,4.03653,4.07851,4.11214,4.09829,4.09136,3.99785,3.96156,4.01761,3.97402,4.01678,4.01376,3.98367,3.98057,3.92345,3.99489,3.98392,3.99342,3.97625,3.99947,3.95284,3.91198,3.9533,3.9997,3.98559,3.90551,3.83193,3.82483,3.78949,3.78734,3.7387,3.71398,3.73617,3.70253,3.79374,3.76998,3.69793,3.68431,3.65468,3.66522,3.72265,3.68123,3.62279,3.59161,3.67498,3.7257,3.8714,
4.13,4.14925,4.10786,4.1896,4.33304,4.22769,4.23284,4.20817,4.24582,4.14909,4.19647,4.20396,4.18657,4.20589,4.11643,4.1079,4.08758,4.16643,4.1102,4.08082,4.12771,4.14394,4.18372,4.18971,3.95465,4.00159,3.841,3.82102,3.94647,4.05963,4.18642,4.09484,4.08813,3.99837,3.97834,4.0685,4.06377,4.13858,4.21223,4.29204,4.24649,4.16176,4.19337,4.16741,4.16848,4.12093,4.1104,4.14333,4.21751,4.15944,4.18776,4.21472,4.23197,4.33954,4.32786,4.28782,4.37444,4.41134,4.34349,4.4923,4.36762,4.32949,4.38038,4.2469,4.18052,4.12113,4.10523,4.05466,4.07961,4.10848,4.14298,4.10269,4.13016,4.10811,4.00248,4.03484,4.00678,3.98745,4.05134,4.15468,4.2536,4.30836,4.19409,4.1235,4.15516,4.1671,4.12193,4.00219,4.00181,3.98562,
4.13,4.15448,4.13627,4.00087,3.99704,4.059,4.12891,4.12547,4.09175,4.06396,4.05781,4.14387,4.19087,4.16119,4.24928,4.28582,4.32691,4.48631,4.42716,4.38011,4.42526,4.48634,4.40202,4.43537,4.3768,4.42505,4.39986,4.33062,4.30897,4.34084,4.38984,4.42847,4.29742,4.13453,4.06923,4.0562,4.1102,4.07608,3.99908,3.9801,3.99101,4.04173,4.04881,4.12848,4.1225,4.06416,4.01085,3.91263,3.94364,3.96149,3.9529,4.066,4.01888,4.17515,4.20287,4.17718,4.13424,3.96621,3.88153,3.81002,3.66322,3.60907,3.61729,3.58847,3.55073,3.60844,3.66468,3.6962,3.66149,3.63628,3.64812,3.65013,3.52571,3.4901,3.54663,3.70504,3.58793,3.60213,3.54199,3.50045,3.50419,3.44636,3.57087,3.43672,3.29942,3.44664,3.29893,3.41448,3.41888,3.34734,
4.13,4.05362,4.02132,3.89444,3.98808,4.01276,3.99031,4.02286,4.04253,4.04343,4.06447,4.14208,4.00246,3.93374,3.88458,3.89233,3.92179,3.90789,3.87039,3.85668,3.87998,3.86747,3.84534,3.85612,3.86113,3.87707,3.88563,3.90864,3.89606,3.83646,3.89457,3.91838,3.90372,3.93787,4.03665,4.16992,4.17221,4.19037,4.18586,4.20742,4.17729,4.18681,4.22376,4.14799,4.18185,4.056,4.10514,4.15281,4.1535,4.09725,4.08512,4.01328,4.00257,4.03979,4.08255,4.11876,4.10117,4.05361,4.02192,4.05616,3.99062,3.99315,3.89963,3.91335,3.95504,3.94504,4.02302,3.922,3.91895,3.88114,3.99199,3.91972,3.85424,3.86075,3.9238,3.78798,3.7339,3.78853,3.86713,3.96433,4.02876,4.0208,3.9307,3.9243,3.90838,4.03389,4.00897,4.03965,4.1125,4.19267,
4.13,4.16809,4.17754,4.10314,4.16932,4.19851,4.2049,4.14283,4.21546,4.21371,4.20612,4.10427,4.06737,4.1164,4.27306,4.26447,4.24063,4.33166,4.37714,4.42212,4.39076,4.38452,4.48469,4.42742,4.43178,4.35808,4.31422,4.27121,4.2528,4.31755,4.35771,4.43563,4.297,4.3196,4.39793,4.311,4.47623,4.4236,4.43224,4.4457,4.43558,4.48774,4.51076,4.42152,4.43121,4.47072,4.45464,4.41659,4.51129,4.54231,4.52953,4.59164,4.63785,4.66576,4.54248,4.40204,4.40282,4.40097,4.33549,4.41167,4.53394,4.56725,4.56025,4.5987,4.6282,4.5589,4.60224,4.72478,4.73478,4.7807,4.81376,4.83859,4.7946,4.82287,4.8068,4.77396,4.66089,4.60479,4.65077,4.61473,4.6254,4.71978,4.73419,4.6773,4.61523,4.808,4.85159,4.79434,4.80943,4.77977,
4.13,4.25565,4.27944,4.19465,4.20561,4.26314,4.23953,4.07184,4.10776,4.10111,4.01329,4.05419,4.08192,3.98269,4.11774,4.13912,4.21415,4.25646,4.27163,4.26351,4.25667,4.16821,4.16393,4.08204,3.99095,3.85584,3.91175,3.88323,3.80642,3.773,3.68075,3.66259,3.76985,3.74427,3.68819,3.72776,3.77873,3.77391,3.81498,3.76823,3.80677,3.82472,3.76133,3.72485,3.73233,3.71759,3.73297,3.68425,3.62849,3.7218,3.77564,3.83121,3.7323,3.68737,3.6665,3.82067,3.8755,3.80618,3.87127,3.78767,3.80494,3.78775,3.77405,3.78085,3.87967,3.85252,3.77637,3.80832,3.8946,4.00158,4.07269,4.10039,4.09629,4.23162,4.32161,4.39588,4.36308,4.42421,4.51944,4.5788,4.6019,4.54953,4.52156,4.6028,4.5553,4.49603,4.55413,4.43504,4.37843,4.1591,
4.13,4.14428,4.18043,4.15084,4.17124,4.08194,4.05117,3.93966,3.9042,3.94218,3.90676,3.9173,3.90953,3.91099,3.89787,3.90255,3.89362,3.93942,3.94393,3.97056,4.0897,4.06026,3.97925,4.01461,4.05495,4.0227,3.99359,3.91708,3.87978,3.77765,3.73559,3.60882,3.59906,3.64155,3.68657,3.71045,3.65966,3.67244,3.58868,3.54268,3.59519,3.60606,3.61147,3.57826,3.67679,3.72593,3.72019,3.76252,3.78035,3.85109,3.85352,3.82705,3.8879,3.86671,3.79704,3.71219,3.7267,3.66488,3.69089,3.68746,3.64454,3.67284,3.63375,3.59388,3.64217,3.48732,3.46377,3.44527,3.43972,3.48794,3.52542,3.51428,3.44981,3.40845,3.44318,3.46196,3.40131,3.3798,3.37184,3.32263,3.27131,3.27062,3.19335,3.23964,3.25339,3.26023,3.17158,3.19523,3.1885,3.23146,
4.13,4.18256,4.05827,4.08167,4.06445,4.03236,4.08046,4.04668,4.00848,3.99468,3.91892,3.92565,4.00122,4.02228,3.87073,3.90962,4.00066,4.0408,4.14466,4.10872,4.08172,3.9838,3.94707,3.93792,3.81162,3.79939,3.80707,3.85961,3.83677,3.89821,3.91298,3.91089,4.00215,4.00436,4.07043,4.05031,4.10814,4.2115,4.1408,4.1601,4.11212,3.97379,3.96737,3.97222,3.93021,3.99216,3.98169,4.07772,4.08701,4.06863,3.99248,4.00096,3.96198,3.90167,3.86501,3.85397,3.86339,3.93847,3.98077,4.07041,4.07642,4.05081,4.07057,4.05907,4.16845,4.16013,4.24557,4.21335,4.06407,3.97346,3.95391,3.96045,4.02544,3.96359,3.96288,4.01651,4.00377,3.93922,3.88059,3.8746,3.81988,3.88489,3.70831,3.66102,3.54813,3.46506,3.51413,3.4534,3.37329,3.39775,
4.13,4.1841,4.14662,4.26877,4.32604,4.28524,4.2039,4.19017,4.16594,4.17108,4.11413,4.20867,4.1788,4.17156,4.17434,4.24643,4.21117,4.28101,4.16186,4.00501,3.98852,3.93325,3.95908,3.93211,3.90401,3.93015,4.07301,3.99867,3.97284,3.95805,4.03568,3.99786,3.92092,3.96977,3.88648,3.98423,4.05028,4.1293,4.11198,4.11966,4.13322,4.10075,4.06937,4.11386,4.10918,4.03843,4.03343,3.95576,3.95845,3.86229,3.96372,4.00925,4.05499,4.09485,4.0739,4.05947,4.10052,4.11446,4.13724,4.02711,4.07529,4.055,3.98543,3.96533,3.99455,3.96796,4.11421,4.17531,4.12507,4.14414,4.19391,4.18952,4.321,4.3788,4.43727,4.44588,4.33737,4.31857,4.24729,4.25957,4.3699,4.43473,4.47553,4.5143,4.45147,4.40939,4.30116,4.32841,4.24569,4.21484,
4.13,4.29025,4.33764,4.33152,4.30453,4.29289,4.3732,4.4443,4.45646,4.50091,4.49295,4.42241,4.45561,4.44898,4.42821,4.41835,4.45801,4.46384,4.38169,4.34025,4.28028,4.36022,4.28007,4.26023,4.23,4.22448,4.09013,4.08352,3.97781,3.85066,3.84012,3.93149,3.88321,3.90541,3.76484,3.80581,3.77071,3.76227,3.70815,3.6425,3.75893,3.70174,3.66828,3.67435,3.65568,3.68016,3.64096,3.6601,3.68534,3.63023,3.67185,3.54603,3.51689,3.52252,3.50728,3.46743,3.43457,3.36724,3.34977,3.34405,3.35651,3.27833,3.21977,3.26871,3.29906,3.30137,3.261,3.28668,3.2459,3.22613,3.27206,3.2767,3.27033,3.21795,3.24614,3.25731,3.22472,3.2959,3.377,3.43184,3.38675,3.43686,3.32482,3.24203,3.17442,3.18245,3.22315,3.27966,3.3275,3.35496,
4.13,4.07272,4.09474,4.07927,4.14705,4.10472,3.94247,3.95604,4.11382,4.02384,3.97239,3.93963,3.94077,3.88624,3.82572,3.79614,3.78515,3.84874,3.80873,3.7259,3.77605,3.87999,3.90186,3.85088,3.67235,3.70262,3.54229,3.5916,3.68128,3.63288,3.64461,3.7082,3.74565,3.75768,3.82088,3.78845,3.81774,3.77793,3.83127,3.80542,3.83226,3.73378,3.7359,3.81034,3.78935,3.78474,3.93739,3.89842,3.8922,3.94849,3.98445,3.97907,3.99944,3.9317,3.89233,3.90453,3.8932,3.87908,3.94309,4.02577,4.09876,4.15732,4.07375,4.03566,4.14944,4.10916,4.20425,4.29139,4.27628,4.32835,4.3676,4.42233,4.38859,4.44406,4.40345,4.41838,4.38125,4.28311,4.18604,4.15999,4.24227,4.12104,4.14907,4.14355,4.14238,4.0452,4.00065,4.03843,4.14456,4.10772,
4.13,4.19839,4.19597,4.28833,4.32116,4.32885,4.42432,4.46034,4.44028,4.52257,4.54148,4.52367,4.49708,4.4291,4.42984,4.57603,4.5078,4.49948,4.5851,4.75431,4.73529,4.71938,4.7458,4.68697,4.73403,4.76136,4.79062,4.85948,4.7206,4.73454,4.7193,4.7346,4.74472,4.82662,4.89735,4.95684,4.94541,4.96313,4.76409,4.70623,4.79753,4.80315,4.72793,4.76879,4.91184,4.7804,4.72553,4.74846,4.55527,4.46104,4.47198,4.52879,4.6339,4.70254,4.74216,4.75125,4.65691,4.679,4.53972,4.55619,4.53844,4.56875,4.52754,4.5191,4.6285,4.579,4.55722,4.55577,4.54343,4.53114,4.60929,4.64588,4.64025,4.68385,4.62006,4.61414,4.52931,4.49432,4.51884,4.47106,4.53682,4.49751,4.55935,4.55217,4.40023,4.40156,4.45603,4.48225,4.57387,4.63756,
4.13,4.12449,4.00876,4.09007,4.10076,4.12045,4.22702,4.19347,4.08272,4.04669,4.05921,4.06381,4.05051,4.00669,3.97157,3.92109,3.88354,3.82927,3.82902,3.84534,3.72768,3.73438,3.71318,3.62695,3.65103,3.68214,3.64818,3.71301,3.7565,3.75014,3.769,3.8063,3.79139,3.95614,3.97668,4.02908,3.95112,3.80111,3.81794,3.69311,3.62973,3.66568,3.68152,3.65113,3.65864,3.64209,3.68495,3.7378,3.68954,3.66278,3.66261,3.67771,3.74451,3.80084,3.87841,3.89053,3.91355,3.94723,4.06051,4.17041,4.12031,4.12072,4.11444,4.17027,4.1823,4.17169,4.20288,4.22992,4.15717,4.14742,4.1948,4.11139,4.07283,4.1305,4.14974,4.038,4.07331,4.07823,4.06058,4.0085,4.03455,4.07523,4.01725,4.01347,4.00418,4.13878,4.03164,4.03379,3.96637,3.96521,
4.13,4.12757,4.16985,4.08459,4.0584,4.05378,3.98116,3.92282,3.85411,3.76657,3.75651,3.71068,3.65282,3.79019,3.76728,3.6696,3.66908,3.71429,3.72963,3.73323,3.77975,3.80632,3.77528,3.75845,3.91612,4.06991,4.05962,4.15013,4.11234,4.02755,4.01757,4.02487,4.04289,3.9998,3.97168,4.01118,4.01328,3.97038,3.93052,4.02482,3.98876,4.07558,4.08485,4.0868,4.21334,4.09735,4.09429,4.20334,4.15743,4.32771,4.30833,4.3159,4.36235,4.37726,4.30299,4.34005,4.28915,4.19278,4.14058,4.14996,4.25063,4.24223,4.17152,4.11846,4.18976,4.23831,4.28236,4.3266,4.35381,4.3202,4.37998,4.34358,4.38743,4.31656,4.26384,4.36233,4.30274,4.17468,4.13887,4.08283,4.04673,3.95733,4.03721,3.98025,4.01404,3.98532,3.94895,3.86416,3.85607,3.97144,
4.13,4.22548,4.14238,4.17988,4.22434,4.18745,4.23834,4.28594,4.29329,4.24305,4.25763,4.20755,4.25489,4.1132,4.10685,4.0552,4.01208,4.0347,4.08022,4.09179,4.07193,4.03911,4.03589,4.00694,3.90651,3.82486,3.9183,3.98873,3.92629,3.87811,3.80496,3.85546,3.76651,3.74488,3.71221,3.75252,3.75891,3.73776,3.69105,3.6824,3.80262,3.79873,3.78415,3.87157,3.88417,3.93379,3.98273,3.9922,3.97701,3.96876,4.00637,4.01007,4.08167,4.12001,4.07854,4.19102,4.30089,4.19989,4.18552,4.11338,4.07969,3.94355,3.98042,4.05143,4.15302,4.25501,4.09251,4.131,4.08193,4.00834,3.94687,4.01283,4.02464,4.08009,4.07022,4.11354,4.04642,3.948,3.8544,3.96167,3.86017,3.85837,3.85141,3.80533,3.7388,3.81563,3.83007,3.70975,3.67184,3.63114,
4.13,4.12599,4.14026,4.29813,4.24755,4.21915,4.17857,4.12131,4.26678,4.19307,4.16701,4.13238,4.2099,4.35909,4.27846,4.27283,4.30751,4.34695,4.28012,4.17659,4.15979,4.17969,4.10847,4.07865,4.08519,4.0384,3.96823,3.90721,3.97816,3.86303,3.84792,3.76725,3.87773,3.7471,3.78759,3.78154,3.77636,3.91208,3.86684,3.88762,3.85193,3.88286,3.85008,3.75389,3.77215,3.8139,4.04174,4.01836,3.81175,3.76457,3.75856,3.77906,3.73858,3.7492,3.69663,3.71734,3.70499,3.61726,3.61397,3.60843,3.61755,3.69584,3.61589,3.60988,3.53372,3.50372,3.4576,3.44037,3.49912,3.44128,3.47492,3.37619,3.28724,3.31348,3.43364,3.42963,3.43519,3.58701,3.54926,3.574,3.61472,3.59426,3.49909,3.4349,3.41406,3.4544,3.46655,3.54451,3.53967,3.46864,
4.13,4.18257,4.18106,4.0787,4.13952,4.07432,4.19303,4.25276,4.24321,4.31141,4.35605,4.34192,4.41211,4.40161,4.31108,4.29112,4.2657,4.35573,4.34547,4.34189,4.54749,4.60839,4.54327,4.66407,4.67135,4.70933,4.66018,4.70355,4.7118,4.83539,4.74929,4.67191,4.7588,4.7625,4.76296,4.87114,4.87686,5.0142,4.88437,4.93777,4.80647,4.78191,4.88787,4.96821,4.82901,4.87832,4.97032,5.08248,5.07449,5.13883,5.09591,5.06622,4.92713,4.95767,4.83294,4.81191,4.71511,4.66834,4.58903,4.6084,4.57727,4.43136,4.43415,4.41302,4.28611,4.33858,4.31481,4.14565,4.14865,4.17519,4.28168,4.24978,4.24233,4.36613,4.3521,4.35531,4.32298,4.38523,4.39515,4.58776,4.60058,4.60717,4.61394,4.54145,4.51776,4.4956,4.56112,4.62068,4.59909,4.60602,
4.13,4.03445,4.09869,4.09536,4.02034,4.10757,4.08202,4.09878,4.25385,4.1753,4.17593,4.18183,4.11466,4.20663,4.13818,4.14342,4.05495,4.05542,3.97703,4.07409,4.03178,4.09976,4.02483,3.92295,3.92795,4.02674,3.98802,3.99277,3.9632,3.90382,3.81987,3.79146,3.73734,3.7933,3.85045,3.85652,3.86562,3.94297,3.95131,3.86475,3.89554,3.95451,3.87485,3.81728,3.78591,3.8599,3.86456,3.92765,3.87308,3.85642,3.87371,4.02338,4.08224,4.16611,4.15372,4.19534,4.18602,4.05743,4.01941,4.05834,4.04384,3.96736,3.97821,4.02697,3.96921,3.92012,3.94845,3.94391,3.90491,3.96973,3.95847,3.90427,3.91606,3.93237,3.90953,3.81856,3.85854,3.86035,3.87238,4.01298,3.99963,4.04219,4.01123,4.00987,3.94826,3.95231,4.00391,4.01878,3.9827,3.88618,
4.13,4.15933,4.12278,4.09752,3.98311,3.81553,3.69096,3.68297,3.71728,3.66725,3.75753,3.83135,3.88841,3.7957,3.77924,3.85009,3.90877,3.96881,3.95059,3.94934,3.93873,3.82939,3.65339,3.59565,3.64571,3.5924,3.52446,3.57034,3.57145,3.53955,3.57783,3.56896,3.42633,3.4418,3.38729,3.324,3.41796,3.43651,3.43499,3.39031,3.39062,3.47645,3.50852,3.54801,3.54468,3.57255,3.62096,3.62644,3.56929,3.44273,3.51566,3.44443,3.44375,3.57435,3.6874,3.70994,3.72896,3.79241,3.87123,3.84376,3.90303,3.91353,3.85232,3.84905,3.90832,3.87584,3.856,3.75471,3.75719,3.77615,3.73135,3.71258,3.63235,3.53536,3.62689,3.62392,3.6437,3.60365,3.59939,3.50249,3.40345,3.44528,3.50925,3.49672,3.51552,3.56257,3.51827,3.43069,3.42129,3.30778,
4.13,4.09362,4.12474,4.16588,4.12593,4.207,4.20811,4.15172,4.04157,4.05386,4.04505,3.99231,3.97168,3.96571,3.93032,3.94492,3.9162,3.82536,3.82584,3.85827,3.73416,3.72006,3.78709,3.68369,3.66061,3.59011,3.63561,3.66742,3.77207,3.80775,3.82899,3.79632,3.78507,3.71136,3.76246,3.6429,3.59518,3.54625,3.53923,3.58988,3.61495,3.55014,3.61113,3.60886,3.66613,3.68764,3.7194,3.68698,3.71763,3.7456,3.68794,3.68732,3.69488,3.77433,3.80945,3.68011,3.66868,3.6463,3.66283,3.69468,3.70911,3.68716,3.63733,3.59988,3.58803,3.60602,3.4892,3.53144,3.57312,3.51342,3.47803,3.51597,3.4819,3.49646,3.45226,3.46734,3.42761,3.50057,3.52035,3.51529,3.56946,3.67986,3.81641,3.86641,3.94117,3.86367,3.88418,3.9242,3.92227,3.83929,
4.13,4.16113,4.0367,4.11847,4.18642,4.14116,4.03801,4.00848,4.08579,4.14625,4.13109,4.0791,3.96597,3.91208,3.97405,3.98255,4.09709,4.24561,4.23722,4.1635,4.14687,4.11888,4.13254,4.13834,4.26614,4.29294,4.2666,4.24084,4.18868,4.20661,4.25305,4.13104,4.1214,4.11421,4.09447,4.0044,3.96561,3.95823,3.87351,3.91956,3.9926,4.05345,4.15814,4.21309,4.24764,4.22964,4.28514,4.23427,4.29187,4.33685,4.24367,4.26555,4.32585,4.30606,4.23995,4.06423,4.02299,4.04894,4.00771,4.12705,4.10516,4.12536,4.12917,4.27721,4.30335,4.42944,4.37525,4.24545,4.25989,4.11883,3.99438,4.05749,4.03942,4.0577,4.09491,4.01248,3.9763,3.97621,3.86936,3.87512,3.88184,3.89033,3.78724,3.75175,3.68106,3.71288,3.73823,3.86257,3.89839,3.96492,
4.13,4.13394,4.15498,4.1433,4.17645,4.29936,4.3112,4.32274,4.26448,4.27491,4.24587,4.28747,4.32757,4.28671,4.26818,4.17357,4.29057,4.36463,4.37605,4.381,4.44215,4.45397,4.44231,4.42418,4.35444,4.27726,4.26133,4.29017,4.3134,4.48363,4.40049,4.36283,4.29206,4.2376,4.27981,4.29152,4.25223,4.28244,4.32789,4.42002,4.32597,4.42053,4.40423,4.39323,4.40537,4.49685,4.53731,4.6338,4.53375,4.49973,4.50455,4.53035,4.54156,4.44164,4.40156,4.26343,4.29984,4.22433,4.29359,4.22864,4.29239,4.31036,4.19537,4.14894,4.13973,4.17468,4.18452,4.10497,3.99885,3.86919,3.85061,3.86361,3.8163,3.82489,3.75481,3.82636,3.93479,3.91556,3.82954,3.89855,3.84636,3.89325,3.87377,3.88898,3.81117,3.7933,3.68869,3.72497,3.74105,3.68285,
4.13,4.10211,4.08729,4.15767,4.11473,4.15091,4.03281,4.01878,3.96161,4.07566,4.12158,4.02789,4.08528,4.13817,4.12521,4.08221,3.95844,3.94771,3.9445,4.00279,3.97167,3.99525,3.98513,4.0163,3.95323,4.03141,3.93372,3.95038,3.92738,3.89559,3.99813,4.00011,3.97468,3.99083,3.93179,3.99844,3.98339,3.94839,3.85638,3.9035,3.86278,3.81589,3.87469,3.93877,3.92414,3.94524,3.87797,3.87795,3.86626,3.92461,3.9214,3.99527,3.95781,3.82291,3.78032,3.77075,3.89605,3.91059,3.89805,3.8791,3.77053,3.78366,3.76387,3.72957,3.60121,3.53759,3.45559,3.49577,3.36188,3.29725,3.25506,3.20323,3.23665,3.27329,3.36823,3.3803,3.38567,3.375,3.40168,3.27301,3.33114,3.40251,3.40447,3.42835,3.49732,3.44561,3.41868,3.54237,3.51671,3.45637,
4.13,4.07903,4.12873,4.17328,4.27059,4.33993,4.35834,4.34052,4.38149,4.28,4.17502,4.23321,4.3642,4.39864,4.34977,4.25278,4.29499,4.23659,4.30382,4.32128,4.12342,4.13837,4.14945,4.13334,4.20172,4.21462,4.1989,4.16359,4.08623,4.05275,4.03193,4.05416,4.01363,4.06981,4.02705,4.04197,4.03741,3.91384,3.86802,3.81815,3.85062,3.93415,3.99398,3.99732,4.00815,4.0475,4.09475,4.13803,4.12249,4.1379,4.11875,4.19401,4.12612,4.15092,4.16217,4.19865,4.16605,4.2169,4.13225,4.21327,4.2552,4.18557,4.08285,4.0747,3.98248,3.86921,3.94131,3.92132,3.9286,3.91114,3.85488,3.80779,3.91543,4.00591,4.0498,4.0543,3.95746,4.04433,4.058,4.07683,4.05094,3.97565,4.02905,3.96051,3.89639,3.8601,3.89629,3.92389,3.87092,3.77974,
4.13,4.12513,4.12041,4.03032,4.11191,4.07924,3.99404,4.01329,4.05065,4.02891,4.09689,4.05077,4.06052,4.01267,3.97542,3.92987,4.02875,4.03733,4.02291,3.91207,3.91537,3.90462,3.79288,3.72093,3.63659,3.81683,3.82434,3.94139,4.05648,4.16878,4.1948,4.13652,4.16242,4.18747,4.31582,4.37733,4.48133,4.48174,4.36668,4.38412,4.34374,4.2976,4.33051,4.33701,4.32109,4.28764,4.23558,4.13063,4.18637,4.26171,4.23568,4.15587,4.10175,4.08278,4.08054,4.08715,4.06433,4.15623,4.28838,4.23997,4.36338,4.3053,4.29308,4.31427,4.31955,4.26439,4.18785,4.1052,4.13852,4.17215,4.04144,4.13361,4.13751,4.18785,4.28334,4.24361,4.16552,4.10159,4.12465,4.21521,4.18868,4.24047,4.30801,4.415,4.44411,4.38795,4.31004,4.27691,4.33266,4.34344,
4.13,4.17868,4.22926,4.1659,4.02108,4.01698,4.01925,4.0475,3.95527,3.95967,3.93043,4.06441,4.06221,4.0312,4.02281,3.99504,3.96027,3.98818,4.01405,4.11254,4.06879,4.00804,3.94385,3.87315,3.89933,3.81597,3.81185,3.89737,3.90148,3.89303,3.89537,3.85159,3.78084,3.81074,3.78205,3.77088,3.77493,3.71368,3.7398,3.76427,3.79472,3.76049,3.7024,3.62234,3.64696,3.6798,3.67235,3.65924,3.59686,3.5587,3.56878,3.56221,3.5174,3.46979,3.39883,3.42889,3.44977,3.38004,3.22997,3.25268,3.24988,3.3546,3.3043,3.38615,3.39915,3.31751,3.38342,3.35097,3.35633,3.35628,3.38574,3.43217,3.41554,3.51474,3.50642,3.52558,3.49725,3.6065,3.62897,3.69479,3.74228,3.70882,3.63662,3.65953,3.68272,3.6902,3.74045,3.75136,3.82748,3.75162,
4.13,4.10912,4.07969,4.02659,4.03064,4.00252,3.79198,3.81089,3.75552,3.67308,3.59041,3.59323,3.53207,3.58775,3.50879,3.52944,3.45342,3.40003,3.33406,3.35003,3.38036,3.35755,3.36188,3.38031,3.46033,3.37063,3.3739,3.21695,3.27138,3.23428,3.25529,3.37087,3.31649,3.2765,3.3408,3.33272,3.37443,3.47251,3.36668,3.37094,3.34283,3.32497,3.37288,3.38246,3.36271,3.39421,3.39818,3.44422,3.41572,3.42316,3.46749,3.49963,3.54328,3.49435,3.37006,3.34321,3.3221,3.25862,3.30023,3.29739,3.31811,3.33058,3.31956,3.26024,3.25655,3.347,3.36597,3.33417,3.34094,3.38163,3.34595,3.2954,3.29963,3.30498,3.30743,3.26472,3.34848,3.3654,3.32868,3.28657,3.3568,3.46455,3.43568,3.457,3.54357,3.44569,3.43135,3.43979,3.38352,3.35193,
4.13,4.1587,4.13247,4.08832,4.14876,4.10152,3.98344,4.03739,3.99161,3.88929,3.89457,3.93753,3.95389,3.95937,3.8501,3.6927,3.79556,3.69341,3.69307,3.62995,3.777,3.68321,3.65792,3.63162,3.64715,3.68868,3.70511,3.7193,3.69152,3.67565,3.65751,3.65926,3.63411,3.64046,3.66054,3.58101,3.48788,3.44489,3.40851,3.41752,3.3186,3.25759,3.2989,3.3554,3.39231,3.38553,3.33461,3.27999,3.31347,3.20378,3.15314,3.05789,3.11008,3.07934,3.11499,3.11468,3.0649,3.08859,3.09745,3.05646,3.01766,2.91901,2.94879,2.89492,2.88896,2.86094,2.79481,2.81718,2.73051,2.69194,2.64771,2.6332,2.6945,2.72788,2.72484,2.73554,2.68797,2.66673,2.68648,2.69637,2.71346,2.68859,2.68942,2.7542,2.81726,2.90432,2.9503,2.89704,2.98211,3.09403,
4.13,4.05705,3.94997,3.7905,3.70248,3.74627,3.82068,3.86723,3.70407,3.74488,3.74066,3.68412,3.64219,3.75067,3.75417,3.75229,3.782,3.84873,3.75092,3.63894,3.6186,3.69853,3.78837,3.78007,3.78322,3.74556,3.77442,3.77793,3.91916,3.9248,4.03324,4.10109,4.1241,4.10842,4.18527,4.25111,4.21264,4.17797,4.21035,4.18456,4.12783,4.12968,4.00638,3.96165,4.05269,4.0669,4.06244,4.06758,4.045,4.01409,4.02558,3.90182,3.8688,3.96016,4.06167,4.07552,3.95754,3.94172,3.84405,3.75149,3.64826,3.62536,3.57043,3.57185,3.49666,3.40023,3.4312,3.43986,3.34851,3.35195,3.36976,3.36743,3.44346,3.44818,3.44014,3.45148,3.31734,3.30442,3.35993,3.30593,3.24252,3.24502,3.1122,3.13511,3.14145,3.10206,3.11527,3.0836,3.04582,2.95961,
4.13,4.11807,4.10703,3.97636,4.03438,4.01365,3.93646,4.01529,4.09317,4.09481,4.19805,4.16289,4.0507,4.15002,4.2039,4.22951,4.20395,4.16458,4.19714,4.18617,4.08997,4.13356,4.15997,4.22529,4.22742,4.20735,4.19257,4.18888,4.1329,4.26191,4.25807,4.28056,4.24219,4.15055,4.1291,4.13273,4.06784,4.18288,4.09351,4.08026,4.22467,4.34597,4.26355,4.27538,4.30546,4.34316,4.17094,4.20745,4.17003,4.17081,4.13305,4.17453,4.24366,4.2285,4.26065,4.2528,4.26915,4.22251,4.30194,4.35031,4.38677,4.45881,4.47834,4.55798,4.62276,4.48412,4.51187,4.38249,4.50235,4.6225,4.64274,4.64345,4.51441,4.44094,4.45161,4.49081,4.51976,4.39774,4.39334,4.28036,4.25517,4.33343,4.31008,4.40733,4.46276,4.37528,4.35876,4.39657,4.41419,4.29254,
4.13,4.17933,4.17896,4.35961,4.37104,4.28343,4.3671,4.33596,4.38828,4.37249,4.36976,4.44543,4.42259,4.49136,4.63963,4.61113,4.65684,4.88998,4.87904,4.95587,5.05295,5.17843,5.28931,5.31544,5.3055,5.16875,5.18773,5.17588,5.14473,5.15403,5.22541,5.3126,5.28253,5.27997,5.31257,5.37452,5.20581,5.27524,5.43468,5.45865,5.45456,5.41021,5.28425,5.34374,5.31716,5.20766,5.26722,5.24173,5.29854,5.34922,5.32317,5.26625,5.41407,5.4768,5.4427,5.47422,5.50458,5.5292,5.63377,5.68852,5.72743,5.88231,5.90125,5.91657,5.99813,6.01654,6.07788,6.0063,6.03236,5.91355,5.8958,5.88223,5.9098,5.94433,5.92771,5.85764,5.8636,5.89842,6.04801,6.15693,6.13975,6.03494,6.08009,6.13545,6.12017,6.04289,6.03741,6.07032,6.08182,6.15332,
4.13,4.03819,4.01606,4.09611,4.16482,4.2598,4.27429,4.19801,4.22029,4.13833,4.21434,4.158,4.25457,4.26154,4.21833,4.06898,4.01171,4.0983,4.05126,4.13121,4.14453,4.11245,4.11894,4.11527,4.10877,4.12948,4.05761,4.0435,3.98132,4.03735,3.83249,3.83221,3.88042,3.94674,3.92746,3.95652,3.98297,3.84053,3.8346,3.80848,3.75561,3.68171,3.64812,3.59799,3.55338,3.63457,3.56487,3.53377,3.56526,3.63204,3.69867,3.77954,3.72112,3.7982,3.82092,3.80378,3.86835,3.85495,3.84724,3.78708,3.74155,3.72906,3.74318,3.69481,3.75541,3.80938,3.81549,3.63098,3.6203,3.56656,3.62601,3.71683,3.67567,3.7011,3.68572,3.70314,3.55312,3.51683,3.68649,3.57022,3.53992,3.63278,3.57245,3.57728,3.53931,3.5657,3.48295,3.503,3.54598,3.63478,
4.13,4.10233,4.04484,4.1428,4.1634,4.22825,4.18525,4.22965,4.06252,4.068,4.06236,4.13544,4.11229,4.06585,4.10812,4.21958,4.16145,4.16676,4.10171,4.1069,4.06684,4.00282,3.95397,3.85653,3.75805,3.74885,3.67771,3.61142,3.58941,3.53135,3.48535,3.46357,3.56835,3.52316,3.59283,3.62835,3.74156,3.72883,3.74556,3.75774,3.75906,3.87359,3.83921,3.85784,3.8283,3.7933,3.87128,3.79552,3.83868,3.88471,3.81331,3.8697,3.78857,3.74605,3.68682,3.6793,3.72595,3.80111,3.86885,4.00109,4.16797,4.18932,4.15117,4.18366,4.163,4.14462,4.10275,4.0673,4.14694,4.0977,4.10547,4.01705,4.00536,4.06519,4.07411,4.00644,4.03313,4.16015,4.08392,4.06757,4.0375,4.06081,4.12489,4.12733,4.16304,4.07055,3.98565,4.04288,3.9998,3.84194,
4.13,4.14242,4.10901,4.10041,4.18439,4.1333,4.04957,4.04532,4.01429,3.95636,4.03498,4.06934,4.04672,4.08943,4.02466,3.95403,3.94664,3.87804,3.87654,3.89359,3.90374,3.86562,3.84774,3.89633,3.85463,3.80443,3.70322,3.59486,3.61622,3.63554,3.63133,3.49822,3.47421,3.54791,3.5668,3.63217,3.6915,3.70984,3.58569,3.61682,3.57526,3.54137,3.49872,3.44335,3.38862,3.29486,3.32999,3.2648,3.31927,3.25481,3.20049,3.21999,3.27748,3.20011,3.18479,3.14242,3.18109,3.23505,3.28646,3.31014,3.41507,3.26106,3.28374,3.29837,3.30934,3.32529,3.29818,3.15034,3.15754,3.21794,3.31437,3.26462,3.27544,3.2423,3.19618,3.16679,3.21013,3.24475,3.19089,3.19858,3.25045,3.16238,3.26686,3.15558,3.15353,3.1819,3.14977,3.12889,3.07101,3.04538,
4.13,4.15026,4.07419,4.16103,4.27101,4.31518,4.33978,4.38962,4.37884,4.4293,4.39156,4.31435,4.24946,4.24264,4.30185,4.34797,4.3321,4.42076,4.34675,4.23651,4.19267,4.12272,4.04981,4.0242,4.07615,4.0967,4.12117,4.13277,4.07416,4.0525,3.90231,3.9351,4.00498,3.93007,3.90987,3.78977,3.81496,3.82696,3.84335,3.82445,3.84599,3.84515,3.90678,3.79639,3.72172,3.70322,3.76686,3.81026,3.91783,3.95371,3.94996,3.95479,3.9103,3.98012,3.93632,3.945,3.97455,3.94448,3.83637,3.92002,3.92101,4.03407,3.98311,4.02305,4.06621,4.11263,4.09608,4.13033,3.92339,3.98873,3.92572,3.98055,3.91696,3.8541,3.85317,3.91815,3.9069,3.92295,3.97738,4.03474,3.94122,3.86358,3.8796,3.88781,3.81951,3.80206,3.91533,3.92854,3.94698,3.92477,
4.13,4.21569,4.092,3.96175,3.99289,4.0177,3.93439,3.98729,4.05208,4.03532,4.02947,3.94793,4.02686,4.04728,3.98326,3.94382,3.94125,3.99522,4.02167,4.22116,4.2975,4.26508,4.1259,4.09534,4.17031,4.25964,4.21753,4.22111,4.28172,4.25926,4.23298,4.24102,4.36479,4.3499,4.29875,4.36187,4.35247,4.27809,4.22215,4.18572,4.24981,4.22255,4.20167,4.1127,4.11114,4.01784,4.00534,3.8779,3.86407,3.75099,3.87042,4.02259,4.07221,4.07494,4.11951,4.10655,4.06406,3.99506,3.955,3.90663,3.93006,3.92596,3.76522,3.72232,3.6695,3.73772,3.75537,3.83066,3.85301,3.9073,3.88239,3.93585,3.91133,3.9831,3.90701,3.90484,3.88096,3.88816,3.79355,3.79206,3.76448,3.73386,3.66415,3.67932,3.65184,3.6252,3.61937,3.61496,3.58836,3.61878,
4.13,4.13927,4.13135,4.13252,4.20403,4.22379,4.31362,4.30864,4.42856,4.40365,4.35047,4.34047,4.26078,4.24856,4.39165,4.35718,4.4649,4.39405,4.30517,4.28187,4.26529,4.28845,4.27522,4.37061,4.42012,4.28216,4.29399,4.24966,4.22831,4.19332,4.17115,4.11664,4.08096,4.06248,4.00266,4.05452,4.09618,4.11097,4.22299,4.15551,4.20428,4.21029,4.10665,4.13184,4.14126,4.12029,4.15107,4.12082,4.08853,4.13849,4.08451,4.04215,4.02627,4.03205,4.08674,4.05589,4.07151,4.11979,4.21684,4.20124,4.19355,4.09386,4.07657,4.10461,4.05654,4.07785,3.94973,3.94348,3.98471,4.0838,4.00239,3.96533,4.08441,4.19262,4.10239,4.22805,4.3369,4.33874,4.31197,4.27932,4.34642,4.26534,4.24047,4.16615,4.18375,4.11236,4.16235,4.28149,4.24568,4.20506,
4.13,4.16209,4.13297,4.10656,4.0562,4.06576,4.03408,4.10692,4.14333,4.26346,4.26328,4.22212,4.24467,4.10368,4.13324,4.18301,4.07557,4.02448,4.07498,3.90965,3.90998,3.86899,3.83252,3.84829,3.87307,3.9807,4.13826,4.19677,4.16924,4.05457,4.07422,3.97231,3.84828,3.8146,3.84519,3.79696,3.81102,3.86676,3.97373,4.11272,4.07315,4.20735,4.19859,4.26507,4.35274,4.25978,4.24618,4.34359,4.30543,4.19999,4.26914,4.32915,4.28392,4.33466,4.29612,4.24873,4.2969,4.31757,4.38976,4.4349,4.47078,4.44883,4.52053,4.62423,4.49505,4.5498,4.45803,4.53966,4.53013,4.49402,4.4948,4.44195,4.53672,4.49108,4.54425,4.52759,4.58464,4.57246,4.53562,4.44387,4.39769,4.55512,4.53616,4.56384,4.50215,4.57102,4.57263,4.52538,4.57675,4.65788,
4.13,4.18567,4.082,4.13668,4.26169,4.30319,4.19141,4.25496,4.23205,4.21179,4.1331,4.08408,3.99789,4.02794,4.02856,4.06524,4.03089,4.00482,3.97035,3.91729,3.88038,3.81648,3.7867,3.81364,3.80525,3.79958,3.80466,3.87772,3.92745,4.00307,3.89204,3.85939,3.89309,3.90647,3.8739,3.82531,3.73171,3.75541,3.70175,3.79014,3.84783,3.92837,3.88111,3.87834,3.779,3.83902,3.91456,3.98405,3.92965,3.96949,3.99828,4.06356,4.06272,3.99604,4.00016,4.07626,4.07293,4.03612,4.03506,4.07605,4.14603,4.16906,4.27271,4.23853,4.25114,4.32578,4.33076,4.34232,4.27921,4.22306,4.19248,4.09167,4.18151,4.19104,4.17803,4.15164,4.13635,4.13521,4.08354,4.19959,4.29192,4.26617,4.22315,4.12591,4.12291,4.08079,3.88608,3.96854,4.01603,3.9458,
4.13,4.10631,4.10518,4.04946,4.17802,4.14403,4.11151,4.11184,4.11462,4.11002,4.09967,4.0546,4.02298,4.11199,4.1534,4.19227,4.18555,4.21495,4.22743,4.21585,4.18,4.1926,4.27351,4.33568,4.33294,4.31508,4.29663,4.46193,4.43133,4.45388,4.33354,4.32746,4.39409,4.3918,4.36829,4.39127,4.30341,4.25935,4.34073,4.35164,4.41757,4.40433,4.30565,4.31046,4.2887,4.37557,4.45895,4.56506,4.50685,4.60129,4.65495,4.51686,4.48614,4.53665,4.45408,4.37448,4.43094,4.48429,4.40886,4.47215,4.6371,4.67091,4.57205,4.55628,4.50581,4.48589,4.49694,4.52831,4.48465,4.4121,4.41403,4.5236,4.59385,4.66602,4.5104,4.50133,4.55019,4.59843,4.68685,4.58775,4.56044,4.48234,4.50852,4.4685,4.36603,4.42925,4.37999,4.45784,4.44728,4.4154,
4.13,4.08644,4.01634,4.00448,3.97429,3.99959,4.02159,4.03092,4.06187,4.10856,4.06167,4.01951,4.00602,4.04298,4.03378,4.18437,4.05503,4.02187,4.05014,4.08731,4.12936,4.0599,4.08473,4.0937,4.06427,3.97216,3.97941,3.92807,3.8936,3.9173,3.85531,3.90775,3.95381,4.02689,4.11608,4.10344,4.15053,4.08718,4.06486,4.08573,4.01886,4.0538,4.02762,4.0337,4.05513,4.12625,4.19326,4.13739,4.1832,4.06924,3.999,3.95019,4.01475,3.98912,4.01427,4.06243,3.92338,3.9757,3.91246,3.93689,3.97274,3.99423,4.06828,4.17972,4.15024,4.08775,4.18159,4.14661,4.12081,4.19139,4.06504,4.0876,4.20614,4.10748,4.09884,4.11442,4.0709,4.05792,3.92554,4.03759,4.03333,4.07164,3.97978,4.0122,3.98557,4.02259,4.07091,4.13018,4.18365,4.17484,
4.13,4.04904,4.13321,4.25539,4.20831,4.15455,4.25353,4.16226,4.11381,4.095,4.01907,4.02058,4.0102,4.03444,3.91519,3.96932,3.8926,3.8339,3.78377,3.89399,3.90491,3.88819,3.84222,3.81244,3.92258,3.90986,3.82844,3.70587,3.80771,3.8521,3.8925,3.82099,3.86749,3.82799,3.76573,3.92025,3.99445,3.85583,3.98239,4.17697,4.24202,4.09978,4.19409,4.22981,4.23654,4.20673,4.31334,4.38892,4.39512,4.41315,4.41984,4.42004,4.45692,4.44844,4.45439,4.40641,4.37203,4.37875,4.33688,4.36756,4.37192,4.35223,4.34005,4.39132,4.31515,4.28517,4.34033,4.27494,4.26085,4.21731,4.21508,4.26701,4.32092,4.4009,4.37729,4.50512,4.45487,4.49461,4.47776,4.51047,4.48104,4.43744,4.49527,4.45429,4.46288,4.50521,4.54418,4.454,4.47006,4.43462,
4.13,4.07287,4.20032,4.21459,4.22731,4.18077,4.2168,4.21284,4.17173,4.13389,4.03022,4.0205,4.01998,3.96038,4.02188,4.03095,4.05738,3.97981,3.96462,3.91743,3.85853,3.72731,3.7002,3.67433,3.70189,3.78397,3.76791,3.84269,3.87698,3.88896,3.85221,3.85532,3.76717,3.77561,3.63191,3.67761,3.62111,3.54078,3.50535,3.5058,3.56245,3.49886,3.41607,3.37625,3.39149,3.40928,3.33113,3.34612,3.43559,3.43654,3.50962,3.49888,3.52127,3.58341,3.70304,3.75785,3.67617,3.72231,3.72104,3.72202,3.74993,3.7768,3.7386,3.71665,3.8129,3.80964,3.84958,3.93342,3.90865,3.88681,3.84257,3.82571,3.75768,3.73722,3.66447,3.57241,3.55749,3.53773,3.56172,3.69057,3.71694,3.81447,3.7713,3.69343,3.66649,3.65562,3.76623,3.75652,3.731,3.74484,
4.13,4.0275,4.05499,4.07869,4.06036,4.04406,4.01213,4.0666,4.10566,4.15591,4.17444,4.17263,4.16649,4.22205,4.20027,4.26847,4.19741,4.14394,4.23733,4.32919,4.36659,4.43689,4.48005,4.45435,4.49543,4.58102,4.55168,4.4613,4.41351,4.32103,4.20903,4.11712,4.13783,4.1695,4.06218,4.03834,3.98245,3.98028,3.93905,3.95798,4.03356,4.09827,4.02337,4.04411,4.07434,4.14529,4.13144,4.10139,4.14144,4.08528,4.08828,4.28044,4.33889,4.35224,4.17843,4.18031,4.16569,4.18002,4.08473,3.96533,3.87174,3.71889,3.72863,3.76943,3.7732,3.79674,3.70885,3.63607,3.58207,3.62267,3.55652,3.65523,3.6039,3.55962,3.56997,3.59487,3.47287,3.45412,3.48819,3.51639,3.52417,3.47346,3.51617,3.48713,3.49275,3.57814,3.59023,3.56274,3.56584,3.55326,
4.13,4.09961,4.05927,3.95144,4.04916,4.12751,4.15285,4.12941,4.15461,4.19815,4.2192,4.20249,4.20562,4.19409,4.20309,4.08755,4.15794,4.12906,4.12415,4.12373,4.18092,4.14028,4.11218,4.05862,4.07875,4.07172,4.02138,3.92333,3.95657,4.08522,4.09444,4.19492,4.06894,4.10134,4.14956,4.15271,4.17032,4.10408,4.18652,4.23836,4.26832,4.23997,4.19733,4.21326,4.15168,4.08926,4.17822,4.25391,4.16405,4.27337,4.36926,4.45675,4.50779,4.46141,4.43739,4.36086,4.33762,4.42345,4.436,4.41452,4.34163,4.34891,4.35004,4.36712,4.33676,4.32177,4.36072,4.34412,4.27835,4.31931,4.33753,4.31189,4.33108,4.29884,4.32807,4.4353,4.41801,4.38302,4.3952,4.36929,4.34124,4.33176,4.28962,4.30366,4.21955,4.26069,4.28694,4.29932,4.32953,4.3588,
4.13,4.10827,4.10663,4.22097,4.27465,4.26315,4.3781,4.38135,4.34724,4.30784,4.26086,4.19357,4.18076,4.18586,4.15598,4.14285,4.19687,4.21861,4.13864,4.16291,4.08844,4.04578,3.99166,4.01739,4.03207,4.00886,4.02229,4.03641,3.99001,3.97487,3.93192,3.91057,3.93668,3.93243,3.88132,3.93902,3.94318,3.83463,3.92339,3.92821,3.97925,4.06074,4.03817,4.00447,3.98661,3.99532,3.92826,3.9005,3.89002,3.87266,3.92385,4.05738,4.0502,4.05167,4.01611,4.03317,4.0289,4.03402,3.99304,3.87926,3.88707,3.77267,3.69105,3.62293,3.5939,3.55005,3.59649,3.54242,3.51015,3.48629,3.51658,3.57961,3.71147,3.66587,3.66995,3.57778,3.53411,3.50971,3.52055,3.47778,3.46899,3.4681,3.48865,3.50205,3.51792,3.53973,3.58241,3.63858,3.60993,3.59105,
4.13,3.98133,4.01601,4.11316,4.09721,4.13074,3.96985,3.97102,4.04873,4.14928,4.13025,4.14681,4.13476,4.25342,4.15264,4.15616,4.04461,3.99865,3.8828,3.83305,3.78701,3.89692,3.982,4.11617,4.08881,4.03155,4.01802,4.05424,4.03914,4.08687,4.00649,3.92471,3.85291,3.90051,3.83486,3.89266,3.87178,3.85788,3.93812,3.93835,4.0062,3.89494,3.83939,3.89788,3.79964,3.75099,3.75614,3.66553,3.70763,3.78592,3.75011,3.7576,3.8121,3.75287,3.77658,3.78565,3.82394,3.84377,3.88443,3.7946,3.81443,3.72764,3.68762,3.67588,3.66673,3.61934,3.6098,3.62661,3.72901,3.70282,3.71948,3.76836,3.74566,3.83062,3.84551,3.8971,3.97261,3.94772,3.95911,3.99047,3.97231,3.96224,3.9934,3.98149,3.97692,3.92604,3.80611,3.83804,3.87206,3.85544,
4.13,4.10495,4.00218,4.13356,4.0984,3.9093,3.86474,3.82262,3.89712,3.81234,3.85388,3.73674,3.66341,3.63863,3.68213,3.66638,3.64759,3.57519,3.56232,3.44643,3.36192,3.30163,3.37243,3.42426,3.52868,3.5796,3.61182,3.655,3.73653,3.77036,3.63911,3.67005,3.67883,3.65685,3.66306,3.76437,3.7313,3.694,3.69272,3.54736,3.48272,3.51723,3.42577,3.50193,3.56016,3.57813,3.48434,3.41992,3.40294,3.38332,3.43297,3.49583,3.54523,3.59526,3.5655,3.48987,3.5401,3.59249,3.66837,3.66607,3.62406,3.55635,3.56864,3.71905,3.81,3.83797,3.7951,3.77205,3.76948,3.80136,3.87278,3.87478,3.89015,3.93789,4.02091,4.02117,3.98248,3.92106,3.91101,3.94492,3.95356,4.04627,4.0414,3.94114,3.96817,4.0647,3.98286,4.05429,4.07929,4.11528,
4.13,4.14385,4.14193,4.05524,4.01184,3.99127,3.98634,3.83191,3.79616,3.75056,3.89964,3.88795,3.90905,3.94675,3.93617,3.9402,4.02926,4.05145,3.99485,3.95277,3.94731,3.95396,4.00932,4.06244,4.0051,3.97041,3.93589,3.93528,3.8544,3.87343,3.86027,3.88478,3.90881,3.90027,3.94526,4.0285,3.97905,3.86032,3.85717,3.82926,3.81316,3.7699,3.76585,3.76635,3.87842,3.81261,3.746,3.77771,3.6769,3.63477,3.61682,3.60527,3.67348,3.68461,3.68493,3.5977,3.47841,3.40327,3.44895,3.51601,3.55029,3.52556,3.55998,3.62792,3.72978,3.79402,3.80101,3.82955,3.91436,3.90667,3.8581,3.7603,3.74269,3.72914,3.60881,3.65219,3.68242,3.69159,3.70214,3.58671,3.51621,3.57959,3.60049,3.63482,3.63883,3.69071,3.65761,3.64108,3.56501,3.65943,
4.13,4.21009,4.13617,4.23314,4.19891,4.2589,4.3185,4.41595,4.37695,4.33696,4.40212,4.35324,4.3124,4.33513,4.40701,4.44396,4.43572,4.34831,4.25577,4.29628,4.35356,4.45279,4.50289,4.4474,4.47959,4.48573,4.50267,4.37641,4.42355,4.40333,4.37319,4.44118,4.45183,4.42524,4.41133,4.48162,4.5427,4.4918,4.45423,4.39294,4.35301,4.33363,4.32926,4.20067,4.1187,4.11844,4.08933,4.08926,4.15146,4.22202,4.12407,4.08192,4.00597,3.91983,3.97674,3.96694,3.85999,3.84235,3.87639,3.83051,3.89721,3.95894,4.03032,3.89199,3.86406,3.89531,3.93843,3.93264,4.01573,3.99787,3.94441,3.99351,3.90893,3.85014,3.85056,3.77211,3.73169,3.75763,3.73378,3.76226,3.76205,3.77121,3.80665,3.73097,3.81303,3.9242,3.92357,3.87039,3.92617,3.93343,
4.13,4.22386,4.25378,4.21472,4.29586,4.23778,4.16128,4.16033,4.15481,4.15199,4.0976,4.04952,3.95423,3.92171,3.99274,4.02478,4.15104,4.18104,4.22546,4.10911,4.06979,4.08225,4.13941,4.09919,4.06176,4.14752,4.04839,4.02078,4.14492,4.15661,4.17015,4.10226,4.15601,4.19984,4.18383,4.16909,4.17171,4.0696,4.15039,4.1878,4.19742,4.16557,4.19546,4.31054,4.34215,4.26651,4.1906,4.14376,4.13087,4.15712,4.24396,4.15563,4.14334,4.20885,4.1698,4.19317,4.1982,4.20128,4.16426,4.22248,4.19874,4.18191,4.18394,4.14721,4.22879,4.18982,4.13167,4.13718,4.09131,4.13511,4.08081,4.04221,3.96022,3.97667,3.96723,3.91707,3.91661,3.88538,3.87041,4.10187,4.18568,4.2467,4.2264,4.17786,4.1373,4.2028,4.2297,4.15992,4.17969,4.17389,
4.13,4.12905,3.97875,3.9924,3.88689,3.939,3.98434,3.97273,3.88626,3.88234,3.78154,3.76616,3.88265,3.8061,3.72205,3.73164,3.84799,3.88221,3.91005,3.95208,3.90246,3.90368,3.90906,3.82015,3.70148,3.66325,3.58855,3.58012,3.63214,3.57942,3.5639,3.50308,3.53497,3.56482,3.5406,3.52706,3.60208,3.54289,3.46371,3.41123,3.40963,3.3677,3.38856,3.41714,3.37534,3.40052,3.47445,3.5171,3.56536,3.49367,3.54191,3.7093,3.66147,3.70392,3.63768,3.60551,3.47889,3.47044,3.52802,3.54115,3.57819,3.55916,3.55974,3.57178,3.61709,3.61316,3.50393,3.44659,3.42834,3.42278,3.46042,3.37776,3.40851,3.36294,3.44176,3.37653,3.35482,3.3566,3.44097,3.3662,3.38438,3.37794,3.37623,3.2478,3.14566,3.08678,3.09793,3.13336,3.07424,3.01342,
4.13,4.23118,4.24568,4.27802,4.16786,4.18503,4.24015,4.24901,4.35487,4.30362,4.24101,4.15668,4.09645,4.15599,4.12541,4.11583,4.11198,3.96417,3.89154,3.92697,3.98231,4.03711,4.11441,4.10406,4.21712,4.2483,4.3212,4.34506,4.42315,4.47372,4.42135,4.33865,4.21592,4.22016,4.31,4.28934,4.33669,4.22556,4.23407,4.18504,4.08521,4.21239,4.11752,4.0231,4.07834,4.15114,4.06904,4.11611,4.04599,4.06011,3.93333,3.84476,3.84079,3.94571,3.85311,3.86809,3.87558,3.77318,3.74798,3.7069,3.70504,3.72669,3.75296,3.68473,3.59142,3.62081,3.64639,3.56068,3.64262,3.68996,3.7958,3.86702,3.72966,3.73487,3.81069,3.80404,3.75542,3.7046,3.69619,3.75772,3.775,3.6572,3.69102,3.72594,3.72756,3.68318,3.73555,3.72995,3.80673,3.79543,
4.13,4.14439,4.20226,4.21005,4.23492,4.21221,4.26367,4.34827,4.40747,4.3412,4.33297,4.26523,4.28558,4.21057,4.2389,4.30467,4.32405,4.38399,4.3055,4.20765,4.20868,4.10746,3.94936,3.97639,3.95721,3.82219,3.82821,3.82072,3.8879,3.82037,3.79442,3.77079,3.81286,3.78633,3.72238,3.67596,3.69241,3.67349,3.6559,3.61299,3.60904,3.63057,3.53386,3.53586,3.58114,3.60438,3.64606,3.73311,3.8016,3.80366,3.75794,3.78385,3.76116,3.80409,3.81807,3.8814,3.95841,4.00028,3.98071,3.94688,3.8702,3.87683,3.84476,3.84955,3.84179,3.91027,3.90107,3.95823,3.9159,3.90486,3.84011,3.78845,3.79366,3.75969,3.71983,3.69802,3.69899,3.69632,3.74928,3.71817,3.80688,3.80922,3.7925,3.81326,3.75702,3.7693,3.6904,3.68989,3.76943,3.89444,
4.13,4.17016,4.07604,4.02597,4.11848,4.14549,4.17973,4.16027,4.136,4.04793,4.01769,4.0063,3.88659,3.84198,3.8625,3.80176,3.86786,3.92535,3.98389,3.9908,4.01219,4.03248,3.82171,3.85762,3.90965,3.97299,4.0293,4.06834,3.97796,3.97275,3.85144,3.76643,3.77523,3.66197,3.61015,3.66699,3.62236,3.64023,3.62862,3.60927,3.60069,3.6061,3.63716,3.5751,3.58278,3.57635,3.59065,3.55912,3.56053,3.60612,3.46337,3.39807,3.36582,3.39216,3.48351,3.45731,3.38453,3.48172,3.53888,3.44548,3.42812,3.36228,3.3855,3.42014,3.37866,3.29565,3.36471,3.39022,3.40838,3.43669,3.47518,3.51617,3.52075,3.45328,3.53418,3.5026,3.561,3.65339,3.70903,3.7287,3.6391,3.61439,3.60195,3.59289,3.62506,3.82305,3.88016,3.83902,3.92598,3.90554,
4.13,4.11592,4.12803,4.19586,4.15964,4.15528,4.22856,4.28003,4.24502,4.28661,4.34739,4.33894,4.3188,4.24143,4.15302,4.1443,4.16681,4.13455,4.17592,4.11552,4.13276,4.18451,4.20972,4.18934,4.09107,4.12634,4.17188,4.22169,4.20008,4.15991,4.31901,4.32062,4.3332,4.43149,4.49848,4.42934,4.41648,4.39668,4.31956,4.23444,4.24981,4.37355,4.30124,4.38445,4.42567,4.38862,4.38664,4.32023,4.29212,4.38466,4.42808,4.42355,4.29874,4.34365,4.35026,4.46603,4.45356,4.31688,4.27797,4.26244,4.19994,4.04251,4.09427,4.07873,4.08107,4.13005,4.04637,4.08551,4.09165,4.09199,4.10346,4.13864,4.03994,4.07476,4.16964,4.21109,4.13432,4.21498,4.26487,4.25551,4.17239,4.26803,4.24434,4.08797,4.17356,4.18684,4.27891,4.28746,4.28477,4.39891,
4.13,4.13089,4.16814,4.12014,3.95717,3.98809,3.98751,3.96648,3.92691,4.00009,3.91442,3.89422,3.97781,3.96435,3.92807,4.02245,3.91333,3.92306,3.93785,4.05886,4.07974,4.08517,4.08993,4.0635,4.06337,4.04758,3.99764,3.99768,4.03003,3.94888,3.85872,3.91002,3.95919,3.96312,4.0113,3.97987,3.94456,3.89162,3.93174,3.89813,3.91213,3.85371,3.78683,3.76534,3.72137,3.74109,3.78109,3.76941,3.70787,3.7081,3.68136,3.70718,3.65936,3.67937,3.70207,3.70667,3.6301,3.53271,3.52594,3.5936,3.63413,3.64436,3.67923,3.73096,3.74846,3.69494,3.63808,3.4494,3.488,3.52813,3.47829,3.51585,3.57322,3.55105,3.71123,3.75921,3.72644,3.7789,3.7723,3.71806,3.70601,3.68353,3.75153,3.71927,3.67364,3.60453,3.61302,3.51134,3.49187,3.58715,
4.13,4.07785,4.13433,4.10362,4.15677,4.13578,4.17065,4.20346,4.27708,4.36289,4.38048,4.3914,4.32418,4.36099,4.29611,4.10468,4.113,4.08251,4.11549,4.34458,4.39219,4.29908,4.30653,4.36704,4.34895,4.33465,4.42308,4.43629,4.40139,4.36077,4.31503,4.28135,4.24573,4.27991,4.24296,4.20312,4.27298,4.19736,4.17313,4.1105,4.07168,4.07425,4.03283,3.9275,3.85287,3.7334,3.74949,3.75963,3.86706,3.86205,3.8951,3.92766,3.99719,3.89909,3.75969,3.72632,3.7679,3.76428,3.77861,3.72625,3.79987,3.86737,3.80629,3.87322,3.87808,3.94095,3.88298,3.97204,3.94612,4.0164,3.96212,3.959,3.91904,3.98439,4.03482,4.02226,4.03709,4.04571,4.06031,4.00917,3.99624,3.95782,3.88921,4.04255,4.09216,4.07149,4.03142,4.10042,4.14389,4.22189,
4.13,4.14591,4.09584,4.06463,4.04232,4.10787,4.10183,4.12264,4.04553,4.17852,4.13831,4.01323,3.91684,3.88622,3.75891,3.72417,3.67795,3.70804,3.69215,3.74416,3.70043,3.75879,3.79365,3.80527,3.86765,3.93407,3.87148,3.8769,3.84331,3.8083,3.82567,3.7961,3.79765,3.8839,3.84105,3.81017,3.77766,3.66196,3.6142,3.5009,3.49867,3.55666,3.53436,3.56039,3.55273,3.59696,3.5265,3.52477,3.63255,3.5275,3.50596,3.47863,3.50218,3.57758,3.65309,3.74349,3.76546,3.71286,3.77158,3.80092,3.90635,3.90324,3.85028,3.75692,3.75954,3.7128,3.77928,3.66283,3.81222,3.78047,3.73629,3.62055,3.57389,3.5047,3.45779,3.3293,3.32199,3.29703,3.34791,3.32427,3.29921,3.27064,3.3442,3.34983,3.3661,3.37574,3.41363,3.44852,3.46794,3.55775,
4.13,4.08816,3.97066,4.07015,4.07697,4.08248,4.09323,4.12186,4.13576,4.11561,4.125,4.17768,4.26713,4.32229,4.24388,4.2982,4.21322,4.25462,4.27657,4.30467,4.33671,4.2833,4.51641,4.61433,4.60092,4.54981,4.53687,4.47592,4.32697,4.23107,4.18758,4.04335,3.97486,4.01498,4.06811,4.05591,4.10996,4.09313,4.01962,3.98809,4.07499,4.10257,4.09424,4.16709,4.17205,4.17796,4.14555,4.13932,4.14918,4.1475,4.15882,4.22516,4.23814,4.14053,4.20518,4.19475,4.23016,4.21728,4.27513,4.33125,4.2329,4.24034,4.16371,4.13857,4.17894,4.24404,4.17204,4.09916,4.12056,4.2063,4.16819,4.19697,4.1414,4.15562,4.27502,4.3086,4.21572,4.22695,4.23207,4.23008,4.14777,4.1181,4.06273,4.06838,4.10263,4.11863,4.18867,4.16858,4.21109,4.19653,
4.13,4.11407,4.0247,4.0227,3.98809,3.90182,3.96859,3.9025,3.87197,3.7788,3.73768,3.66496,3.62949,3.65028,3.69069,3.71736,3.6522,3.69508,3.57813,3.51235,3.63373,3.64356,3.71326,3.70995,3.66205,3.59265,3.72224,3.64885,3.683,3.60297,3.56492,3.54012,3.55257,3.4431,3.41185,3.4544,3.54915,3.53854,3.59702,3.62326,3.53621,3.49229,3.52617,3.4743,3.43404,3.43712,3.46407,3.47526,3.53581,3.52853,3.47366,3.4283,3.43165,3.45352,3.4734,3.47366,3.4376,3.53586,3.48871,3.5712,3.72134,3.67054,3.74673,3.77387,3.77628,3.78981,3.79442,3.81208,3.76764,3.78267,3.80736,3.75343,3.71742,3.78337,3.79926,3.8204,3.76761,3.65693,3.79385,3.83903,3.7654,3.64825,3.46055,3.43875,3.50977,3.5241,3.50074,3.61091,3.56287,3.59002,
4.13,4.17912,4.03168,4.07742,4.01855,4.03304,4.0959,3.95755,3.9369,3.92442,3.97686,4.07338,4.18816,4.1124,4.07244,4.10448,4.0667,4.01646,3.96286,3.85352,3.8334,3.77409,3.83783,3.79261,3.62709,3.54067,3.39144,3.43642,3.43164,3.44804,3.43469,3.411,3.37253,3.46989,3.48999,3.4655,3.54729,3.55247,3.63176,3.65284,3.74248,3.74687,3.72232,3.77865,3.78155,3.86348,3.88323,3.94822,3.98786,3.90758,3.93929,3.99268,3.94285,3.81836,3.89196,4.0122,3.98411,3.99704,3.99306,4.05607,4.04138,3.90599,3.91475,3.8654,3.88514,3.8354,3.70214,3.60726,3.57067,3.55042,3.49525,3.59512,3.62254,3.66272,3.63791,3.69708,3.68496,3.7085,3.79657,3.76435,3.75815,3.85757,3.76418,3.77955,3.88274,3.85864,3.88685,3.86092,3.96056,3.86444,
4.13,4.03174,4.06298,4.00589,4.012,4.07839,4.01729,3.93908,4.02323,3.95992,3.99303,3.85162,3.81399,3.84369,3.84003,3.80105,3.7598,3.84655,3.92007,4.02295,3.94548,3.89338,3.79262,3.70619,3.72682,3.74522,3.6655,3.66472,3.69654,3.72047,3.7319,3.72792,3.68658,3.77567,3.76593,3.74075,3.67261,3.60179,3.6161,3.51347,3.44398,3.47165,3.45996,3.40621,3.39769,3.39933,3.37037,3.38406,3.37687,3.48324,3.46726,3.43906,3.36093,3.36375,3.3517,3.40467,3.33893,3.37741,3.3622,3.33359,3.2618,3.24124,3.13815,3.16981,3.19344,3.17777,3.1435,3.14126,3.20291,3.16826,3.13562,3.11681,3.14161,3.10662,3.12096,3.18233,3.11696,3.11412,3.08081,3.20081,3.18595,3.11141,3.12864,3.01831,2.90159,2.97124,2.88638,2.94211,2.95441,2.90277,
4.13,4.02397,3.99162,3.84708,3.78493,3.72248,3.69943,3.68653,3.67674,3.60111,3.59311,3.40471,3.53091,3.51329,3.47353,3.58123,3.57357,3.51634,3.44526,3.38815,3.36076,3.36237,3.44856,3.50175,3.5587,3.56203,3.51189,3.46362,3.52517,3.51608,3.5675,3.4894,3.52199,3.51595,3.50531,3.38964,3.35344,3.34917,3.35482,3.3685,3.3907,3.37449,3.38922,3.45506,3.42865,3.40941,3.42481,3.419,3.38167,3.43739,3.4238,3.39066,3.42867,3.37822,3.45929,3.4283,3.36131,3.41307,3.48959,3.57994,3.57612,3.55065,3.62855,3.68459,3.73616,3.7097,3.69062,3.68,3.63315,3.73086,3.73975,3.85746,3.8663,3.91445,3.91025,3.85767,3.88994,3.82828,3.85613,3.81866,3.83328,3.80057,3.78955,3.83665,3.80568,3.82892,3.889,3.83743,3.7648,3.74193,
4.13,4.14712,4.23361,4.21209,4.13119,4.05503,4.10789,4.15483,4.096,4.0548,4.05087,4.14808,4.1377,4.05065,4.08381,4.06398,4.10611,4.15537,4.10407,4.0754,4.02758,3.93189,3.95649,3.90585,3.82422,3.91516,3.90436,3.94169,3.89173,3.96536,4.0146,3.96297,3.8704,3.86864,3.81588,3.80772,3.68406,3.59137,3.53101,3.55163,3.59132,3.5613,3.49731,3.51532,3.42901,3.38602,3.38967,3.47173,3.42793,3.59395,3.51418,3.57716,3.55538,3.61803,3.57556,3.64341,3.66151,3.74794,3.62743,3.73233,3.74803,3.75051,3.70156,3.66758,3.61953,3.59849,3.71008,3.66443,3.73556,3.75484,3.80272,3.78074,3.78254,3.91354,3.97491,4.0101,4.03106,4.06105,4.03635,4.16223,4.13096,4.16757,4.27611,4.30556,4.35452,4.46257,4.42729,4.47549,4.52823,4.54311,
